=== ExecuteBuildSpec 'Analog Tachometer Process Packed Library' [Packed Library] target 'My Computer' in PDK plugins\Analog Tachometer Process\source\Analog Tachometer Process\Analog Tachometer Process.lvproj ===
LabVIEWCLI started logging in file:  C:\Users\ContainerAdministrator\AppData\Local\Temp\lvtemporary_173330.log
Using LabVIEW: "C:\Program Files\National Instruments\LabVIEW 2026\LabVIEW.exe"
LabVIEW launched successfully.
Connection established with LabVIEW at port number 3363.

LabVIEWCLI.exe : Operation output: 
At C:\workspace\.github\labview\build-binaries.ps1:252 char:12
+     $out = & $CliExe @cliArgs 2>&1 | Out-String
+            ~~~~~~~~~~~~~~~~~~~~~~~
    + CategoryInfo          : NotSpecified: (Operation output: :String) [], Re 
   moteException
    + FullyQualifiedErrorId : NativeCommandError
 
Error Code : 1
Error Message : Cannot complete build because following VI loaded broken:

C:\workspace\PDK plugins\Analog Tachometer Process\source\Analog Tachometer 
Process\Analog Tachometer Process.lvclass\Analog Tachometer Process.ctl

Open the VI in LabVIEW and fix the listed errors. If the VI loads as expected 
but errors are still detected during the build, contact National Instruments 
technical support for assistance.

Broken VIs:
- Analog Tachometer Process.lvlib:Analog Tachometer Process.lvclass:Analog 
Tachometer Process.ctl:
- Analog Tachometer Process.lvlib:Analog Tachometer Process.lvclass:Cleanup 
Session.vi:
	Refers to a missing LabVIEW class

	Refers to a missing LabVIEW class

	Cannot save compiled code to previous versions

- Analog Tachometer Process.lvlib:Analog Tachometer Process.lvclass:Configure 
Session.vi:
	Refers to a missing LabVIEW class

	Refers to a missing LabVIEW class

	The wired class does not support a method of this VI's name.

	SubVI is missing

	Cluster is invalid or empty

	Contains unwired or bad terminal

	SubVI is missing

	SubVI is missing

	SubVI is not executable

	SubVI is missing

	SubVI is missing

	SubVI is not executable

	SubVI is missing

	SubVI is missing

	SubVI is not executable

	SubVI is missing

	SubVI is missing

	SubVI is not executable

	SubVI is not executable

	SubVI is missing

	SubVI is missing

	Run-time type not propagated from dynamic input to dynamic output

	SubVI is missing

	SubVI is missing

	SubVI is missing

	SubVI is missing

	You have connected two terminals of different types.

	Neither bundle nor unbundle of this LabVIEW class is allowed on this VI.

	Cannot save compiled code to previous versions

- Analog Tachometer Process.lvlib:Analog Tachometer 
Process.lvclass:Finalize.vi:
	Refers to a missing LabVIEW class

	Refers to a missing LabVIEW class

	Cannot save compiled code to previous versions

- Analog Tachometer Process.lvlib:Analog Tachometer Process.lvclass:Handle 
Notification.vi:
	Refers to a missing LabVIEW class

	Refers to a missing LabVIEW class

	SubVI is not executable

- Analog Tachometer Process.lvlib:Analog Tachometer 
Process.lvclass:Initialize.vi:
	Refers to a missing LabVIEW class

	Refers to a missing LabVIEW class

	SubVI is missing

	SubVI is missing

	Contains unwired or bad terminal

	SubVI is missing

	SubVI is missing

	SubVI is missing

	SubVI is not executable

	SubVI is not executable

	SubVI is not executable

	SubVI is not executable

	SubVI is missing

	SubVI is missing

	SubVI is missing

	SubVI is missing

	SubVI is missing

	SubVI is missing

	SubVI is not executable

	SubVI is not executable

	SubVI is not executable

	SubVI is not executable

	SubVI is not executable

	SubVI is not executable

	SubVI is not executable

	SubVI is not executable

	SubVI is missing

	SubVI is missing

	SubVI is not executable

	SubVI is not executable

	SubVI is missing

	SubVI is missing

	SubVI is not executable

	SubVI is not executable

	SubVI is not executable

	SubVI is not executable

	SubVI is missing

	SubVI is missing

	SubVI is missing

	SubVI is missing

	SubVI is not executable

	SubVI is missing

	SubVI is missing

	Type definition not found or contains errors

	Type definition not found or contains errors

	Type definition not found or contains errors

	Type definition not found or contains errors

	SubVI is missing

	Run-time type not propagated from dynamic input to dynamic output

	Class conflict

	Class conflict

	Cannot save compiled code to previous versions

- Analog Tachometer Process.lvlib:Analog Tachometer Process.lvclass:Process.vi:
	Refers to a missing LabVIEW class

	Refers to a missing LabVIEW class

	SubVI is missing

	SubVI is missing

	SubVI is missing

	Contains unwired or bad terminal

	Contains unwired or bad terminal

	SubVI is not executable

	SubVI is missing

	SubVI is missing

	Cluster is invalid or empty

	Contains unwired or bad terminal

	You have connected two terminals of different types.

	You have connected two terminals of different types.

	Neither bundle nor unbundle of this LabVIEW class is allowed on this VI.

	You have connected two terminals of different types.

	You have connected two terminals of different types.

	Neither bundle nor unbundle of this LabVIEW class is allowed on this VI.

	You have connected two terminals of different types.

	You have connected two terminals of different types.

	You have connected two terminals of different types.

	You have connected two terminals of different types.

	One or more of the inputs to this tunnel or shift register does not originate 
at the dynamic input front panel terminal

	Cannot save compiled code to previous versions

- Analog Tachometer Process.lvlib:Analog Tachometer Process.lvclass:Update 
Timing.vi:
	Refers to a missing LabVIEW class

	Refers to a missing LabVIEW class

	The wired class does not support a method of this VI's name.

	SubVI is missing

	Contains unwired or bad terminal

	Invalid property

	Invalid property

	SubVI is missing

	The wired class does not support a method of this VI's name.

	SubVI is missing

	Class conflict

	You have connected two terminals of different types.











Click the link below to visit the Application Builder support page. Use the 
following information as a reference:



Error 1003 occurred at AB_Get_Detailed_BrokenVI_Message.vi -> 
AB_Targetfile.lvclass:Open_Top_Level_VIs.vi


Possible reason(s):


LabVIEW: (Hex 0x3EB) The VI is not executable. This error may occur because 
the VI is either broken or contains a subVI that LabVIEW cannot locate. Select 
File>>Open to open the VI and verify that you can run it.
An error occurred while running the ExecuteBuildSpec operation.

ExecuteBuildSpec operation failed.


=== ExecuteBuildSpec 'CSV Export Packed Library' [Packed Library] target 'My Computer' in PDK plugins\CSV Export\source\CSV Export\CSV Export.lvproj ===
LabVIEWCLI started logging in file:  C:\Users\ContainerAdministrator\AppData\Local\Temp\lvtemporary_68991.log
Using LabVIEW: "C:\Program Files\National Instruments\LabVIEW 2026\LabVIEW.exe"
Connection established with LabVIEW at port number 3363.

LabVIEWCLI.exe : Operation output: 
At C:\workspace\.github\labview\build-binaries.ps1:252 char:12
+     $out = & $CliExe @cliArgs 2>&1 | Out-String
+            ~~~~~~~~~~~~~~~~~~~~~~~
    + CategoryInfo          : NotSpecified: (Operation output: :String) [], Re 
   moteException
    + FullyQualifiedErrorId : NativeCommandError
 
Error Code : 1
Error Message : Cannot complete build because following VI loaded broken:

C:\workspace\PDK plugins\CSV Export\source\CSV Export\Initialize.vi

Open the VI in LabVIEW and fix the listed errors. If the VI loads as expected 
but errors are still detected during the build, contact National Instruments 
technical support for assistance.

Broken VIs:
- CSV Export.lvlib:CSV Export.lvclass:Check First Instance Plugin.vi:
	Refers to a missing LabVIEW class

	Refers to a missing LabVIEW class

	The wired class does not support a method of this VI's name.

	SubVI is missing

	You have connected two terminals of different types.

	Class conflict

	Contains unwired or bad terminal

	SubVI is not executable

	Contains unwired or bad terminal

	Invalid property

	Invalid property

	Invalid property

	The wired class does not support a method of this VI's name.

	SubVI is missing

	You have connected two terminals of different types.

	You have connected two terminals of different types.

- CSV Export.lvlib:CSV Export.lvclass:Finalize.vi:
	Refers to a missing LabVIEW class

	Refers to a missing LabVIEW class

	Contains unwired or bad terminal

	SubVI is not executable

	The wired class does not support a method of this VI's name.

	SubVI is missing

	Class conflict

	Contains unwired or bad terminal

	Invalid property

	Invalid property

	Invalid property

	The wired class does not support a method of this VI's name.

	SubVI is missing

	You have connected two terminals of different types.

	You have connected two terminals of different types.

- CSV Export.lvlib:CSV Export.lvclass:Handle Message.vi:
	Refers to a missing LabVIEW class

	Refers to a missing LabVIEW class

	Refers to a missing LabVIEW class

	You have connected two terminals of different types.

	You have connected two terminals of different types.

	Contains unwired or bad terminal

	SubVI is not executable

	Neither bundle nor unbundle of this LabVIEW class is allowed on this VI.

	You have connected two terminals of different types.

	You have connected two terminals of different types.

	SubVI is not executable

	Cluster is invalid or empty

	Contains unwired or bad terminal

	Contains unwired or bad terminal

	Neither bundle nor unbundle of this LabVIEW class is allowed on this VI.

	You have connected two terminals of different types.

	Contains unwired or bad terminal

	SubVI is not executable

	Contains unwired or bad terminal

	Invalid property

	Invalid property

	Invalid property

	The wired class does not support a method of this VI's name.

	SubVI is missing

	Run-time type not propagated from dynamic input to dynamic output

	You have connected two terminals of different types.

	You have connected two terminals of different types.

	You have connected two terminals of different types.

- CSV Export.lvlib:CSV Export.lvclass:Initialize.vi:
	Refers to a missing LabVIEW class

	Refers to a missing LabVIEW class

	SubVI is not executable

	The wired class does not support a method of this VI's name.

	SubVI is missing

	You have connected two terminals of different types.

	Class conflict

	Contains unwired or bad terminal

	Invalid property

	Invalid property

	Invalid property

	Cluster is invalid or empty

	Contains unwired or bad terminal

	The wired class does not support a method of this VI's name.

	SubVI is missing

	SubVI is missing

	SubVI is missing

	SubVI is missing

	SubVI is missing

	Type definition not found or contains errors

	Type definition not found or contains errors

	Type definition not found or contains errors

	Run-time type not propagated from dynamic input to dynamic output

	You have connected two terminals of different types.

	You have connected two terminals of different types.

	Neither bundle nor unbundle of this LabVIEW class is allowed on this VI.

	Class conflict

- CSV Export.lvlib:CSV Export.lvclass:Process.vi:
	Refers to a missing LabVIEW class

	Refers to a missing LabVIEW class

	SubVI is not executable











Click the link below to visit the Application Builder support page. Use the 
following information as a reference:



Error 1003 occurred at AB_Get_Detailed_BrokenVI_Message.vi -> 
AB_Targetfile.lvclass:Open_Top_Level_VIs.vi


Possible reason(s):


LabVIEW: (Hex 0x3EB) The VI is not executable. This error may occur because 
the VI is either broken or contains a subVI that LabVIEW cannot locate. Select 
File>>Open to open the VI and verify that you can run it.
An error occurred while running the ExecuteBuildSpec operation.

ExecuteBuildSpec operation failed.


=== ExecuteBuildSpec 'DateTimeChannel Packed Library' [Packed Library] target 'My Computer' in PDK plugins\DateTimeChannel\source\DateTimeChannel\DateTimeChannel.lvproj ===
LabVIEWCLI started logging in file:  C:\Users\ContainerAdministrator\AppData\Local\Temp\lvtemporary_466643.log
Using LabVIEW: "C:\Program Files\National Instruments\LabVIEW 2026\LabVIEW.exe"
Connection established with LabVIEW at port number 3363.

LabVIEWCLI.exe : Operation output: 
At C:\workspace\.github\labview\build-binaries.ps1:252 char:12
+     $out = & $CliExe @cliArgs 2>&1 | Out-String
+            ~~~~~~~~~~~~~~~~~~~~~~~
    + CategoryInfo          : NotSpecified: (Operation output: :String) [], Re 
   moteException
    + FullyQualifiedErrorId : NativeCommandError
 
Error Code : 1
Error Message : Cannot complete build because following VI loaded broken:

C:\workspace\PDK plugins\DateTimeChannel\source\DateTimeChannel\Initialize.vi

Open the VI in LabVIEW and fix the listed errors. If the VI loads as expected 
but errors are still detected during the build, contact National Instruments 
technical support for assistance.

Broken VIs:
- DateTimeChannel.lvlib:DateTimeChannel.lvclass:Cleanup Session.vi:
	Refers to a missing LabVIEW class

	Refers to a missing LabVIEW class

- DateTimeChannel.lvlib:DateTimeChannel.lvclass:Configure Session.vi:
	Refers to a missing LabVIEW class

	Refers to a missing LabVIEW class

	The wired class does not support a method of this VI's name.

	SubVI is missing

	Cluster is invalid or empty

	Contains unwired or bad terminal

	SubVI is missing

	SubVI is missing

	SubVI is missing

	Run-time type not propagated from dynamic input to dynamic output

	You have connected two terminals of different types.

	Neither bundle nor unbundle of this LabVIEW class is allowed on this VI.

	Class conflict

- DateTimeChannel.lvlib:DateTimeChannel.lvclass:Finalize.vi:
	Refers to a missing LabVIEW class

	Refers to a missing LabVIEW class

- DateTimeChannel.lvlib:DateTimeChannel.lvclass:Initialize.vi:
	Refers to a missing LabVIEW class

	Refers to a missing LabVIEW class

	Contains unwired or bad terminal

	Type definition not found or contains errors

	SubVI is missing

	SubVI is missing

	SubVI is missing

	SubVI is missing

	SubVI is missing

	SubVI is missing

	SubVI is missing

	Type definition not found or contains errors

	Type definition not found or contains errors

	Type definition not found or contains errors

	Run-time type not propagated from dynamic input to dynamic output

	Class conflict

	Class conflict

- DateTimeChannel.lvlib:DateTimeChannel.lvclass:Process.vi:
	Refers to a missing LabVIEW class

	Refers to a missing LabVIEW class

	Contains unwired or bad terminal

	SubVI is missing

	SubVI is missing

	You have connected two terminals of different types.

	Neither bundle nor unbundle of this LabVIEW class is allowed on this VI.











Click the link below to visit the Application Builder support page. Use the 
following information as a reference:



Error 1003 occurred at AB_Get_Detailed_BrokenVI_Message.vi -> 
AB_Targetfile.lvclass:Open_Top_Level_VIs.vi


Possible reason(s):


LabVIEW: (Hex 0x3EB) The VI is not executable. This error may occur because 
the VI is either broken or contains a subVI that LabVIEW cannot locate. Select 
File>>Open to open the VI and verify that you can run it.
An error occurred while running the ExecuteBuildSpec operation.

ExecuteBuildSpec operation failed.


=== ExecuteBuildSpec 'DFT_Spectra Packed Library' [Packed Library] target 'My Computer' in PDK plugins\DFT_Spectra\source\DFT_Spectra.lvproj ===
LabVIEWCLI started logging in file:  C:\Users\ContainerAdministrator\AppData\Local\Temp\lvtemporary_108456.log
Using LabVIEW: "C:\Program Files\National Instruments\LabVIEW 2026\LabVIEW.exe"
Connection established with LabVIEW at port number 3363.

LabVIEWCLI.exe : Operation output: 
At C:\workspace\.github\labview\build-binaries.ps1:252 char:12
+     $out = & $CliExe @cliArgs 2>&1 | Out-String
+            ~~~~~~~~~~~~~~~~~~~~~~~
    + CategoryInfo          : NotSpecified: (Operation output: :String) [], Re 
   moteException
    + FullyQualifiedErrorId : NativeCommandError
 
Error Code : 1
Error Message : Cannot complete build because following VI loaded broken:

C:\workspace\PDK plugins\DFT_Spectra\source\DFT_Spectra.lvclass\DFT_Spectra.ctl

Open the VI in LabVIEW and fix the listed errors. If the VI loads as expected 
but errors are still detected during the build, contact National Instruments 
technical support for assistance.

Broken VIs:
- DFT_Spectra.lvlib:DFT_Spectra.lvclass:Cleanup Session.vi:
	Refers to a missing LabVIEW class

	Refers to a missing LabVIEW class

	Cluster is invalid or empty

	Contains unwired or bad terminal

	SubVI is missing

	Cluster is invalid or empty

	Contains unwired or bad terminal

	You have connected two terminals of different types.

	You have connected two terminals of different types.

	You have connected two terminals of different types.

	You have connected two terminals of different types.

	You have connected two terminals of different types.

	Contains unwired or bad terminal

	Run-time type not propagated from dynamic input to dynamic output

	Neither bundle nor unbundle of this LabVIEW class is allowed on this VI.

	Wired refnums are of different types.

- DFT_Spectra.lvlib:DFT_Spectra.lvclass:Configure Session.vi:
	Refers to a missing LabVIEW class

	Refers to a missing LabVIEW class

	SubVI is missing

	SubVI is missing

	SubVI is missing

	SubVI is missing

	SubVI is missing

	SubVI is missing

	SubVI is missing

	Cluster is invalid or empty

	Contains unwired or bad terminal

	Contains unwired or bad terminal

	Cluster is invalid or empty

	Contains unwired or bad terminal

	SubVI is missing

	SubVI is missing

	SubVI is missing

	SubVI is not executable

	SubVI is not executable

	SubVI is not executable

	SubVI is not executable

	SubVI is not executable

	SubVI is not executable

	Refers to a missing LabVIEW class

	SubVI is not executable

	SubVI is not executable

	SubVI is missing

	SubVI is missing

	SubVI is not executable

	SubVI is not executable

	SubVI is missing

	SubVI is missing

	SubVI is missing

	SubVI is missing

	SubVI is missing

	SubVI is missing

	SubVI is not executable

	SubVI is not executable

	SubVI is missing

	SubVI is missing

	SubVI is missing

	SubVI is missing

	Type definition not found or contains errors

	Type definition not found or contains errors

	Type definition not found or contains errors

	Type definition not found or contains errors

	Type definition not found or contains errors

	Refers to a missing LabVIEW class

	Refers to a missing LabVIEW class

	Refers to a missing LabVIEW class

	Refers to a missing LabVIEW class

	Run-time type not propagated from dynamic input to dynamic output

	Neither bundle nor unbundle of this LabVIEW class is allowed on this VI.

	You have connected two terminals of different types.

- DFT_Spectra.lvlib:DFT_Spectra.lvclass:DFT_Compute Average Spectra.vi:
	Type definition not found or contains errors

	Type definition not found or contains errors

	Type definition not found or contains errors

	Type definition not found or contains errors

	Type definition not found or contains errors

	Type definition not found or contains errors

	Type definition not found or contains errors

	Type definition not found or contains errors

	Type definition not found or contains errors

	Type definition not found or contains errors

	Type definition not found or contains errors

	SubVI is missing

	SubVI is missing

	Cannot save compiled code to previous versions

- DFT_Spectra.lvlib:DFT_Spectra.lvclass:DFT_Conditionally Compute Average 
Spectra.vi:
	Type definition not found or contains errors

	Type definition not found or contains errors

	Type definition not found or contains errors

	Type definition not found or contains errors

	Type definition not found or contains errors

	Type definition not found or contains errors

	Type definition not found or contains errors

	Type definition not found or contains errors

	Type definition not found or contains errors

	Type definition not found or contains errors

	Type definition not found or contains errors

	Type definition not found or contains errors

	Refers to a missing LabVIEW class

	Refers to a missing LabVIEW class

	Refers to a missing LabVIEW class

	Refers to a missing LabVIEW class

	Cluster is invalid or empty

	Contains unwired or bad terminal

	Cluster is invalid or empty

	Contains unwired or bad terminal

	Cluster is invalid or empty

	Contains unwired or bad terminal

	Cannot save compiled code to previous versions

- DFT_Spectra.lvlib:DFT_Spectra.lvclass:DFT_Determine If Show UI.vi:
	Type definition not found or contains errors

	Refers to a missing LabVIEW class

	Refers to a missing LabVIEW class

	Refers to a missing LabVIEW class

	Refers to a missing LabVIEW class

	Type definition not found or contains errors

	Refers to a missing LabVIEW class

	Refers to a missing LabVIEW class

	Refers to a missing LabVIEW class

	Refers to a missing LabVIEW class

	Cluster is invalid or empty

	Contains unwired or bad terminal

	Cluster is invalid or empty

	Contains unwired or bad terminal

- DFT_Spectra.lvlib:DFT_Spectra.lvclass:DFT_Spectra Data.ctl:
- DFT_Spectra.lvlib:DFT_Spectra.lvclass:DFT_Spectra UI.vi:
	The XControl used in this VI is broken.

	Default value includes broken or missing LabVIEW class

	Refers to a missing LabVIEW class

- DFT_Spectra.lvlib:DFT_Spectra.lvclass:DFT_Spectra.ctl:
- DFT_Spectra.lvlib:DFT_Spectra.lvclass:DFT_Update Spectra.vi:
	Type definition not found or contains errors

	Refers to a missing LabVIEW class

	Refers to a missing LabVIEW class

	Refers to a missing LabVIEW class

	Refers to a missing LabVIEW class

	Type definition not found or contains errors

	Refers to a missing LabVIEW class

	Refers to a missing LabVIEW class

	Refers to a missing LabVIEW class

	Refers to a missing LabVIEW class

	Type definition not found or contains errors

	Type definition not found or contains errors

	Type definition not found or contains errors

	Type definition not found or contains errors

	Type definition not found or contains errors

	Type definition not found or contains errors

	Type definition not found or contains errors

	Type definition not found or contains errors

	Type definition not found or contains errors

	Type definition not found or contains errors

	Type definition not found or contains errors

	SubVI is missing

	SubVI is missing

	Contains unwired or bad terminal

	Cluster is invalid or empty

	Contains unwired or bad terminal

	SubVI is not executable

- DFT_Spectra.lvlib:DFT_Spectra.lvclass:Finalize.vi:
	Refers to a missing LabVIEW class

	Refers to a missing LabVIEW class

	Cannot save compiled code to previous versions

- DFT_Spectra.lvlib:DFT_Spectra.lvclass:Handle Notification.vi:
	Refers to a missing LabVIEW class

	Refers to a missing LabVIEW class

	Cluster is invalid or empty

	Contains unwired or bad terminal

	Contains unwired or bad terminal

	Cluster is invalid or empty

	Contains unwired or bad terminal

	Cluster is invalid or empty

	Contains unwired or bad terminal

	You have connected two terminals of different types.

	You have connected two terminals of different types.

	You have connected two terminals of different types.

	You have connected two terminals of different types.

	Run-time type not propagated from dynamic input to dynamic output

	You have connected two terminals of different types.

	Neither bundle nor unbundle of this LabVIEW class is allowed on this VI.

	Wired refnums are of different types.

- DFT_Spectra.lvlib:DFT_Spectra.lvclass:Initialize.vi:
	Refers to a missing LabVIEW class

	Refers to a missing LabVIEW class

	SubVI is not executable

	SubVI is not executable

	SubVI is missing

	SubVI is missing

	SubVI is not executable

	SubVI is not executable

	SubVI is missing

	SubVI is missing

	SubVI is missing

	SubVI is missing

	SubVI is not executable

	SubVI is not executable

	SubVI is missing

	SubVI is missing

	SubVI is missing

	SubVI is missing

	SubVI is not executable

	SubVI is not executable

	SubVI is missing

	SubVI is missing

	SubVI is not executable

	SubVI is missing

	SubVI is missing

	SubVI is not executable

	SubVI is missing

	SubVI is missing

	SubVI is not executable

	SubVI is missing

	Run-time type not propagated from dynamic input to dynamic output

	Class conflict

	Cannot save compiled code to previous versions

- DFT_Spectra.lvlib:DFT_Spectra.lvclass:Process.vi:
	Refers to a missing LabVIEW class

	Refers to a missing LabVIEW class

	SubVI is missing

	You have connected two terminals of different types.

	Contains unwired or bad terminal

	Contains unwired or bad terminal

	Cluster is invalid or empty

	Contains unwired or bad terminal

	Cluster is invalid or empty

	Contains unwired or bad terminal

	SubVI is missing

	Contains unwired or bad terminal

	SubVI is not executable

	SubVI is not executable

	SubVI is missing

	SubVI is missing

	You have connected two terminals of different types.

	You have connected two terminals of different types.

	You have connected two terminals of different types.

	You have connected two terminals of different types.

	You have connected two terminals of different types.

	You have connected two terminals of different types.

	Wired refnums are of different types.

	Neither bundle nor unbundle of this LabVIEW class is allowed on this VI.

	You have connected two terminals of different types.

	One or more of the inputs to this tunnel or shift register does not originate 
at the dynamic input front panel terminal

	Cannot save compiled code to previous versions











Click the link below to visit the Application Builder support page. Use the 
following information as a reference:



Error 1003 occurred at AB_Get_Detailed_BrokenVI_Message.vi -> 
AB_Targetfile.lvclass:Open_Top_Level_VIs.vi


Possible reason(s):


LabVIEW: (Hex 0x3EB) The VI is not executable. This error may occur because 
the VI is either broken or contains a subVI that LabVIEW cannot locate. Select 
File>>Open to open the VI and verify that you can run it.
An error occurred while running the ExecuteBuildSpec operation.

ExecuteBuildSpec operation failed.


=== ExecuteBuildSpec 'Digital Output Handler Packed Library' [Packed Library] target 'My Computer' in PDK plugins\Digital Output Handler\source\Digital Output Handler\Digital Output Handler.lvproj ===
LabVIEWCLI started logging in file:  C:\Users\ContainerAdministrator\AppData\Local\Temp\lvtemporary_44258.log
Using LabVIEW: "C:\Program Files\National Instruments\LabVIEW 2026\LabVIEW.exe"
Connection established with LabVIEW at port number 3363.

LabVIEWCLI.exe : Operation output: 
At C:\workspace\.github\labview\build-binaries.ps1:252 char:12
+     $out = & $CliExe @cliArgs 2>&1 | Out-String
+            ~~~~~~~~~~~~~~~~~~~~~~~
    + CategoryInfo          : NotSpecified: (Operation output: :String) [], Re 
   moteException
    + FullyQualifiedErrorId : NativeCommandError
 
Error Code : 1
Error Message : Cannot complete build because following VI loaded broken:

C:\workspace\PDK plugins\Digital Output Handler\source\Digital Output 
Handler\Initialize.vi

Open the VI in LabVIEW and fix the listed errors. If the VI loads as expected 
but errors are still detected during the build, contact National Instruments 
technical support for assistance.

Broken VIs:
- Digital Output Handler.lvlib:Digital Output Handler.lvclass:Cleanup 
Session.vi:
	Refers to a missing LabVIEW class

	Refers to a missing LabVIEW class

- Digital Output Handler.lvlib:Digital Output Handler.lvclass:Configure 
Session.vi:
	Refers to a missing LabVIEW class

	Refers to a missing LabVIEW class

	The wired class does not support a method of this VI's name.

	SubVI is missing

	Contains unwired or bad terminal

	Contains unwired or bad terminal

	The wired class does not support a method of this VI's name.

	SubVI is missing

	SubVI is missing

	Cluster is invalid or empty

	Contains unwired or bad terminal

	Contains unwired or bad terminal

	Type definition not found or contains errors

	The wired class does not support a method of this VI's name.

	SubVI is missing

	SubVI is missing

	SubVI is missing

	Type definition not found or contains errors

	SubVI is missing

	SubVI is missing

	You have connected two terminals of different types.

	You have connected two terminals of different types.

	You have connected two terminals of different types.

	Class conflict

	SubVI is missing

	You have connected two terminals of different types.

	Neither bundle nor unbundle of this LabVIEW class is allowed on this VI.

	You have connected two terminals of different types.

	You have connected two terminals of different types.

	Neither bundle nor unbundle of this LabVIEW class is allowed on this VI.

	You have connected two terminals of different types.

	Class conflict

	You have connected two terminals of different types.

	Class conflict

	One or more of the inputs to this tunnel or shift register does not originate 
at the dynamic input front panel terminal

	Contains unwired or bad terminal

	Contains unwired or bad terminal

	SubVI is missing

	SubVI is missing

	Class conflict

	You have connected two terminals of different types.

	Neither bundle nor unbundle of this LabVIEW class is allowed on this VI.

- Digital Output Handler.lvlib:Digital Output Handler.lvclass:Finalize.vi:
	Refers to a missing LabVIEW class

	Refers to a missing LabVIEW class

- Digital Output Handler.lvlib:Digital Output Handler.lvclass:Initialize.vi:
	Refers to a missing LabVIEW class

	Refers to a missing LabVIEW class

	SubVI is missing

	SubVI is missing

	SubVI is missing

	Run-time type not propagated from dynamic input to dynamic output

	Class conflict

- Digital Output Handler.lvlib:Digital Output Handler.lvclass:Process.vi:
	Refers to a missing LabVIEW class

	Refers to a missing LabVIEW class

	SubVI is missing

	SubVI is missing

	SubVI is missing











Click the link below to visit the Application Builder support page. Use the 
following information as a reference:



Error 1003 occurred at AB_Get_Detailed_BrokenVI_Message.vi -> 
AB_Targetfile.lvclass:Open_Top_Level_VIs.vi


Possible reason(s):


LabVIEW: (Hex 0x3EB) The VI is not executable. This error may occur because 
the VI is either broken or contains a subVI that LabVIEW cannot locate. Select 
File>>Open to open the VI and verify that you can run it.
An error occurred while running the ExecuteBuildSpec operation.

ExecuteBuildSpec operation failed.


=== ExecuteBuildSpec 'Dynamic Channel Packed Library' [Packed Library] target 'My Computer' in PDK plugins\Dynamic Channel\source\Dynamic Channel\Dynamic Channel.lvproj ===
LabVIEWCLI started logging in file:  C:\Users\ContainerAdministrator\AppData\Local\Temp\lvtemporary_781750.log
Using LabVIEW: "C:\Program Files\National Instruments\LabVIEW 2026\LabVIEW.exe"
Connection established with LabVIEW at port number 3363.

LabVIEWCLI.exe : Operation output: 
At C:\workspace\.github\labview\build-binaries.ps1:252 char:12
+     $out = & $CliExe @cliArgs 2>&1 | Out-String
+            ~~~~~~~~~~~~~~~~~~~~~~~
    + CategoryInfo          : NotSpecified: (Operation output: :String) [], Re 
   moteException
    + FullyQualifiedErrorId : NativeCommandError
 
Error Code : 1
Error Message : Cannot complete build because following VI loaded broken:

C:\workspace\PDK plugins\Dynamic Channel\source\Dynamic Channel\Initialize.vi

Open the VI in LabVIEW and fix the listed errors. If the VI loads as expected 
but errors are still detected during the build, contact National Instruments 
technical support for assistance.

Broken VIs:
- Dynamic Channel.lvlib:Dynamic Channel.lvclass:Cleanup Session.vi:
	Refers to a missing LabVIEW class

	Refers to a missing LabVIEW class

- Dynamic Channel.lvlib:Dynamic Channel.lvclass:Configure Session.vi:
	Refers to a missing LabVIEW class

	Refers to a missing LabVIEW class

	SubVI is missing

	SubVI is missing

	The wired class does not support a method of this VI's name.

	SubVI is missing

	SubVI is missing

	Cluster is invalid or empty

	Contains unwired or bad terminal

	SubVI is missing

	SubVI is missing

	SubVI is missing

	SubVI is missing

	SubVI is missing

	SubVI is missing

	SubVI is missing

	SubVI is missing

	SubVI is missing

	Contains unwired or bad terminal

	Class conflict

	Class conflict

	You have connected two terminals of different types.

	Neither bundle nor unbundle of this LabVIEW class is allowed on this VI.

	You have connected two terminals of different types.

	Contains unwired or bad terminal

	Contains unwired or bad terminal

	SubVI is missing

	SubVI is missing

	Run-time type not propagated from dynamic input to dynamic output

	Neither bundle nor unbundle of this LabVIEW class is allowed on this VI.

	You have connected two terminals of different types.

- Dynamic Channel.lvlib:Dynamic Channel.lvclass:Finalize.vi:
	Refers to a missing LabVIEW class

	Refers to a missing LabVIEW class

- Dynamic Channel.lvlib:Dynamic Channel.lvclass:Initialize.vi:
	Refers to a missing LabVIEW class

	Refers to a missing LabVIEW class

	Cluster is invalid or empty

	Contains unwired or bad terminal

	SubVI is missing

	SubVI is missing

	SubVI is missing

	Run-time type not propagated from dynamic input to dynamic output

	You have connected two terminals of different types.

	Neither bundle nor unbundle of this LabVIEW class is allowed on this VI.

	Class conflict

- Dynamic Channel.lvlib:Dynamic Channel.lvclass:Process.vi:
	Refers to a missing LabVIEW class

	Refers to a missing LabVIEW class

	SubVI is missing

	SubVI is missing

	SubVI is missing

	SubVI is missing

	SubVI is missing

	SubVI is missing

	SubVI is missing

	SubVI is missing

	Contains unwired or bad terminal

	Invalid property

	Invalid property

	You have connected two terminals of different types.

	Shift register: Feedback Node: data type is undefined

	SubVI is missing

	SubVI is missing











Click the link below to visit the Application Builder support page. Use the 
following information as a reference:



Error 1003 occurred at AB_Get_Detailed_BrokenVI_Message.vi -> 
AB_Targetfile.lvclass:Open_Top_Level_VIs.vi


Possible reason(s):


LabVIEW: (Hex 0x3EB) The VI is not executable. This error may occur because 
the VI is either broken or contains a subVI that LabVIEW cannot locate. Select 
File>>Open to open the VI and verify that you can run it.
An error occurred while running the ExecuteBuildSpec operation.

ExecuteBuildSpec operation failed.


=== ExecuteBuildSpec 'FFT Packed Library' [Packed Library] target 'My Computer' in PDK plugins\FFT\source\FFT.lvproj ===
LabVIEWCLI started logging in file:  C:\Users\ContainerAdministrator\AppData\Local\Temp\lvtemporary_97810.log
Using LabVIEW: "C:\Program Files\National Instruments\LabVIEW 2026\LabVIEW.exe"
Connection established with LabVIEW at port number 3363.

LabVIEWCLI.exe : Operation output: 
At C:\workspace\.github\labview\build-binaries.ps1:252 char:12
+     $out = & $CliExe @cliArgs 2>&1 | Out-String
+            ~~~~~~~~~~~~~~~~~~~~~~~
    + CategoryInfo          : NotSpecified: (Operation output: :String) [], Re 
   moteException
    + FullyQualifiedErrorId : NativeCommandError
 
Error Code : 1
Error Message : Cannot complete build because following VI loaded broken:

C:\workspace\PDK plugins\FFT\source\Initialize.vi

Open the VI in LabVIEW and fix the listed errors. If the VI loads as expected 
but errors are still detected during the build, contact National Instruments 
technical support for assistance.

Broken VIs:
- FFT.lvlib:FFT.lvclass:Cleanup Session.vi:
	Refers to a missing LabVIEW class

	Refers to a missing LabVIEW class

	Cannot save compiled code to previous versions

- FFT.lvlib:FFT.lvclass:Configure Session.vi:
	Refers to a missing LabVIEW class

	Refers to a missing LabVIEW class

	SubVI is missing

	SubVI is missing

	SubVI is not executable

	SubVI is not executable

	SubVI is missing

	SubVI is missing

	SubVI is missing

	SubVI is missing

	Cluster is invalid or empty

	Contains unwired or bad terminal

	The wired class does not support a method of this VI's name.

	SubVI is missing

	Run-time type not propagated from dynamic input to dynamic output

	Neither bundle nor unbundle of this LabVIEW class is allowed on this VI.

	You have connected two terminals of different types.

	Cannot save compiled code to previous versions

- FFT.lvlib:FFT.lvclass:Finalize.vi:
	Refers to a missing LabVIEW class

	Refers to a missing LabVIEW class

	Cannot save compiled code to previous versions

- FFT.lvlib:FFT.lvclass:Initialize.vi:
	Refers to a missing LabVIEW class

	Refers to a missing LabVIEW class

	SubVI is missing

	SubVI is missing

	SubVI is missing

	SubVI is missing

	Contains unwired or bad terminal

	SubVI is missing

	SubVI is not executable

	SubVI is not executable

	Type definition not found or contains errors

	SubVI is missing

	SubVI is missing

	Type definition not found or contains errors

	Type definition not found or contains errors

	Type definition not found or contains errors

	SubVI is missing

	SubVI is not executable

	Type definition not found or contains errors

	SubVI is missing

	SubVI is missing

	SubVI is missing

	SubVI is missing

	Run-time type not propagated from dynamic input to dynamic output

	Class conflict

	Class conflict

	Cannot save compiled code to previous versions

- FFT.lvlib:FFT.lvclass:Process.vi:
	Refers to a missing LabVIEW class

	Refers to a missing LabVIEW class

	SubVI is missing

	Cluster is invalid or empty

	Contains unwired or bad terminal

	Contains unwired or bad terminal

	SubVI is not executable

	SubVI is not executable

	Contains unwired or bad terminal

	You have connected two terminals of different types.

	SubVI is not executable

	You have connected two terminals of different types.

	You have connected two terminals of different types.

	You have connected two terminals of different types.

	SubVI is missing

	SubVI is missing

	Contains unwired or bad terminal

	Contains unwired or bad terminal

	You have connected two terminals of different types.

	Neither bundle nor unbundle of this LabVIEW class is allowed on this VI.

	You have connected two terminals of different types.

	Neither bundle nor unbundle of this LabVIEW class is allowed on this VI.

	You have connected two terminals of different types.

	One or more of the inputs to this tunnel or shift register does not originate 
at the dynamic input front panel terminal

	Cannot save compiled code to previous versions

- FFT.lvlib:FFT.lvclass:Update Timing.vi:
	Refers to a missing LabVIEW class

	Refers to a missing LabVIEW class

	SubVI is missing

	The wired class does not support a method of this VI's name.

	SubVI is missing

	Class conflict

	Contains unwired or bad terminal

	Invalid property

	Invalid property

	The wired class does not support a method of this VI's name.

	SubVI is missing

	You have connected two terminals of different types.











Click the link below to visit the Application Builder support page. Use the 
following information as a reference:



Error 1003 occurred at AB_Get_Detailed_BrokenVI_Message.vi -> 
AB_Targetfile.lvclass:Open_Top_Level_VIs.vi


Possible reason(s):


LabVIEW: (Hex 0x3EB) The VI is not executable. This error may occur because 
the VI is either broken or contains a subVI that LabVIEW cannot locate. Select 
File>>Open to open the VI and verify that you can run it.
An error occurred while running the ExecuteBuildSpec operation.

ExecuteBuildSpec operation failed.


=== ExecuteBuildSpec 'Historical Table Packed Library' [Packed Library] target 'My Computer' in PDK plugins\Historical Table\source\Historical Table\Historical Table.lvproj ===
LabVIEWCLI started logging in file:  C:\Users\ContainerAdministrator\AppData\Local\Temp\lvtemporary_977068.log
Using LabVIEW: "C:\Program Files\National Instruments\LabVIEW 2026\LabVIEW.exe"
Connection established with LabVIEW at port number 3363.

LabVIEWCLI.exe : Operation output: 
At C:\workspace\.github\labview\build-binaries.ps1:252 char:12
+     $out = & $CliExe @cliArgs 2>&1 | Out-String
+            ~~~~~~~~~~~~~~~~~~~~~~~
    + CategoryInfo          : NotSpecified: (Operation output: :String) [], Re 
   moteException
    + FullyQualifiedErrorId : NativeCommandError
 
Error Code : 1
Error Message : Cannot complete build because following VI loaded broken:

C:\workspace\PDK plugins\Historical Table\source\Historical Table\Global 
Strings.vi

Open the VI in LabVIEW and fix the listed errors. If the VI loads as expected 
but errors are still detected during the build, contact National Instruments 
technical support for assistance.

Broken VIs:
- Historical Table.lvlib:Historical Table.lvclass:Cleanup Session.vi:
	Refers to a missing LabVIEW class

	Refers to a missing LabVIEW class

	Cannot save compiled code to previous versions

- Historical Table.lvlib:Historical Table.lvclass:Configure Session.vi:
	Refers to a missing LabVIEW class

	Refers to a missing LabVIEW class

	Contains unwired or bad terminal

	Contains unwired or bad terminal

	Contains unwired or bad terminal

	Invalid property

	Invalid property

	SubVI is missing

	SubVI is missing

	SubVI is missing

	SubVI is missing

	SubVI is not executable

	SubVI is missing

	SubVI is missing

	SubVI is not executable

	SubVI is missing

	SubVI is missing

	Cluster is invalid or empty

	Contains unwired or bad terminal

	Run-time type not propagated from dynamic input to dynamic output

	You have connected two terminals of different types.

	Polymorphic terminal cannot accept this data type.

	Neither bundle nor unbundle of this LabVIEW class is allowed on this VI.

	You have connected two terminals of different types.

	Neither bundle nor unbundle of this LabVIEW class is allowed on this VI.

	Cannot save compiled code to previous versions

- Historical Table.lvlib:Historical Table.lvclass:Finalize.vi:
	Refers to a missing LabVIEW class

	Refers to a missing LabVIEW class

	Cluster is invalid or empty

	Contains unwired or bad terminal

	Contains unwired or bad terminal

	Run-time type not propagated from dynamic input to dynamic output

	You have connected two terminals of different types.

	Neither bundle nor unbundle of this LabVIEW class is allowed on this VI.

	You have connected two terminals of different types.

	Cannot save compiled code to previous versions

- Historical Table.lvlib:Historical Table.lvclass:Handle Notification.vi:
	Refers to a missing LabVIEW class

	Refers to a missing LabVIEW class

	You have connected two terminals of different types.

	Cluster is invalid or empty

	Contains unwired or bad terminal

	Neither bundle nor unbundle of this LabVIEW class is allowed on this VI.

	SubVI is not executable

	Run-time type not propagated from dynamic input to dynamic output

	You have connected two terminals of different types.

- Historical Table.lvlib:Historical Table.lvclass:Initialize.vi:
	Refers to a missing LabVIEW class

	Refers to a missing LabVIEW class

	Cluster is invalid or empty

	Contains unwired or bad terminal

	Type definition not found or contains errors

	Type definition not found or contains errors

	Type definition not found or contains errors

	SubVI is missing

	Type definition not found or contains errors

	SubVI is missing

	SubVI is missing

	SubVI is missing

	SubVI is not executable

	SubVI is not executable

	SubVI is not executable

	SubVI is not executable

	SubVI is missing

	SubVI is missing

	SubVI is missing

	SubVI is missing

	SubVI is missing

	SubVI is missing

	SubVI is missing

	Run-time type not propagated from dynamic input to dynamic output

	You have connected two terminals of different types.

	Neither bundle nor unbundle of this LabVIEW class is allowed on this VI.

	Class conflict

	Cannot save compiled code to previous versions

- Historical Table.lvlib:Historical Table.lvclass:Process.vi:
	Refers to a missing LabVIEW class

	Refers to a missing LabVIEW class

	SubVI is not executable

	SubVI is missing

	One or more of the inputs to this tunnel or shift register does not originate 
at the dynamic input front panel terminal

	Cannot save compiled code to previous versions

- Historical Table.lvlib:Historical Table.lvclass:Update Table Data.vi:
	Refers to a missing LabVIEW class

	Refers to a missing LabVIEW class

	Cluster is invalid or empty

	Contains unwired or bad terminal

	Contains unwired or bad terminal

	Contains unwired or bad terminal

	Cluster is invalid or empty

	Contains unwired or bad terminal

	SubVI is missing

	You have connected two terminals of different types.

	You have connected two terminals of different types.

	Contains unwired or bad terminal

	Contains unwired or bad terminal

	You have connected two terminals of different types.

	You have connected two arrays of different dimensions.

	You have connected two terminals of different types.

	You have connected two terminals of different types.

	You have connected two terminals of different types.

	Contains unwired or bad terminal

	Contains unwired or bad terminal

	You have connected two terminals of different types.

	You have connected two terminals of different types.

	Neither bundle nor unbundle of this LabVIEW class is allowed on this VI.

	You have connected two terminals of different types.

	You have connected two terminals of different types.

	You have connected two terminals of different types.

	You have connected two terminals of different types.











Click the link below to visit the Application Builder support page. Use the 
following information as a reference:



Error 1003 occurred at AB_Get_Detailed_BrokenVI_Message.vi -> 
AB_Targetfile.lvclass:Open_Top_Level_VIs.vi


Possible reason(s):


LabVIEW: (Hex 0x3EB) The VI is not executable. This error may occur because 
the VI is either broken or contains a subVI that LabVIEW cannot locate. Select 
File>>Open to open the VI and verify that you can run it.
An error occurred while running the ExecuteBuildSpec operation.

ExecuteBuildSpec operation failed.


=== ExecuteBuildSpec 'Configure Visa Device Channels Packed Library' [Packed Library] target 'My Computer' in PDK plugins\Mystery Visa Device Channel Config\source\Configure Visa Device Channels.lvproj ===
LabVIEWCLI started logging in file:  C:\Users\ContainerAdministrator\AppData\Local\Temp\lvtemporary_992474.log
Using LabVIEW: "C:\Program Files\National Instruments\LabVIEW 2026\LabVIEW.exe"
Connection established with LabVIEW at port number 3363.

LabVIEWCLI.exe : Operation output: 
At C:\workspace\.github\labview\build-binaries.ps1:252 char:12
+     $out = & $CliExe @cliArgs 2>&1 | Out-String
+            ~~~~~~~~~~~~~~~~~~~~~~~
    + CategoryInfo          : NotSpecified: (Operation output: :String) [], Re 
   moteException
    + FullyQualifiedErrorId : NativeCommandError
 
Error Code : 1
Error Message : Cannot complete build because following VI loaded broken:

C:\workspace\PDK plugins\Mystery Visa Device Channel 
Config\source\Initialize.vi

Open the VI in LabVIEW and fix the listed errors. If the VI loads as expected 
but errors are still detected during the build, contact National Instruments 
technical support for assistance.

Broken VIs:
- Configure Visa Device Channels.lvlib:Configure Visa Device 
Channels.lvclass:Cleanup Session.vi:
	Refers to a missing LabVIEW class

	Refers to a missing LabVIEW class

	Cluster is invalid or empty

	Contains unwired or bad terminal

	Contains unwired or bad terminal

	Run-time type not propagated from dynamic input to dynamic output

	You have connected two terminals of different types.

	You have connected two terminals of different types.

	Neither bundle nor unbundle of this LabVIEW class is allowed on this VI.

- Configure Visa Device Channels.lvlib:Configure Visa Device 
Channels.lvclass:Configure Session.vi:
	Refers to a missing LabVIEW class

	Refers to a missing LabVIEW class

	The wired class does not support a method of this VI's name.

	SubVI is missing

	Cluster is invalid or empty

	Contains unwired or bad terminal

	SubVI is missing

	SubVI is missing

	SubVI is missing

	SubVI is missing

	SubVI is missing

	SubVI is missing

	Run-time type not propagated from dynamic input to dynamic output

	You have connected two terminals of different types.

	Neither bundle nor unbundle of this LabVIEW class is allowed on this VI.

	Class conflict

- Configure Visa Device Channels.lvlib:Configure Visa Device 
Channels.lvclass:Finalize.vi:
	Refers to a missing LabVIEW class

	Refers to a missing LabVIEW class

- Configure Visa Device Channels.lvlib:Configure Visa Device 
Channels.lvclass:Handle Notification.vi:
	Refers to a missing LabVIEW class

	Refers to a missing LabVIEW class

	SubVI is missing

	Run-time type not propagated from dynamic input to dynamic output

	Class conflict

- Configure Visa Device Channels.lvlib:Configure Visa Device 
Channels.lvclass:Initialize.vi:
	Refers to a missing LabVIEW class

	Refers to a missing LabVIEW class

	SubVI is missing

	Contains unwired or bad terminal

	SubVI is missing

	SubVI is missing

	SubVI is missing

	SubVI is missing

	SubVI is missing

	SubVI is missing

	SubVI is missing

	SubVI is missing

	SubVI is missing

	SubVI is missing

	SubVI is missing

	SubVI is missing

	SubVI is missing

	SubVI is missing

	SubVI is missing

	SubVI is missing

	SubVI is missing

	SubVI is missing

	SubVI is missing

	SubVI is missing

	SubVI is missing

	SubVI is missing

	SubVI is missing

	SubVI is missing

	SubVI is missing

	SubVI is missing

	SubVI is missing

	SubVI is missing

	SubVI is missing

	SubVI is missing

	SubVI is missing

	SubVI is missing

	SubVI is missing

	SubVI is missing

	SubVI is missing

	SubVI is missing

	SubVI is missing

	SubVI is missing

	Run-time type not propagated from dynamic input to dynamic output

	Class conflict

	Class conflict

- Configure Visa Device Channels.lvlib:Configure Visa Device 
Channels.lvclass:Process.vi:
	Refers to a missing LabVIEW class

	Refers to a missing LabVIEW class

	SubVI is missing

	SubVI is missing

	Cluster is invalid or empty

	Contains unwired or bad terminal

	SubVI is missing

	SubVI is missing

	SubVI is missing

	SubVI is missing

	SubVI is missing

	SubVI is missing

	Contains unwired or bad terminal

	SubVI is missing

	SubVI is missing

	SubVI is missing

	SubVI is missing

	SubVI is missing

	SubVI is missing

	Contains unwired or bad terminal

	SubVI is missing

	SubVI is missing

	SubVI is missing

	SubVI is missing

	SubVI is missing

	SubVI is missing

	Contains unwired or bad terminal

	SubVI is missing

	SubVI is missing

	SubVI is missing

	SubVI is missing

	SubVI is missing

	SubVI is missing

	Contains unwired or bad terminal

	SubVI is missing

	Contains unwired or bad terminal

	You have connected two terminals of different types.

	Neither bundle nor unbundle of this LabVIEW class is allowed on this VI.

	You have connected two terminals of different types.

	You have connected two terminals of different types.

	One or more of the inputs to this tunnel or shift register does not originate 
at the dynamic input front panel terminal











Click the link below to visit the Application Builder support page. Use the 
following information as a reference:



Error 1003 occurred at AB_Get_Detailed_BrokenVI_Message.vi -> 
AB_Targetfile.lvclass:Open_Top_Level_VIs.vi


Possible reason(s):


LabVIEW: (Hex 0x3EB) The VI is not executable. This error may occur because 
the VI is either broken or contains a subVI that LabVIEW cannot locate. Select 
File>>Open to open the VI and verify that you can run it.
An error occurred while running the ExecuteBuildSpec operation.

ExecuteBuildSpec operation failed.


=== ExecuteBuildSpec 'Output Sequencer Packed Library' [Packed Library] target 'My Computer' in PDK plugins\Output Sequencer\source\Output Sequencer - FlexLogger 2024-2025.lvproj ===
LabVIEWCLI started logging in file:  C:\Users\ContainerAdministrator\AppData\Local\Temp\lvtemporary_575806.log
Using LabVIEW: "C:\Program Files\National Instruments\LabVIEW 2026\LabVIEW.exe"
Connection established with LabVIEW at port number 3363.

LabVIEWCLI.exe : Operation output: 
At C:\workspace\.github\labview\build-binaries.ps1:252 char:12
+     $out = & $CliExe @cliArgs 2>&1 | Out-String
+            ~~~~~~~~~~~~~~~~~~~~~~~
    + CategoryInfo          : NotSpecified: (Operation output: :String) [], Re 
   moteException
    + FullyQualifiedErrorId : NativeCommandError
 
Error Code : 1
Error Message : Cannot complete build because following VI loaded broken:

C:\workspace\PDK plugins\Output Sequencer\source\Output Sequencer\Output 
Sequencer.lvclass\Output Sequencer.ctl

Open the VI in LabVIEW and fix the listed errors. If the VI loads as expected 
but errors are still detected during the build, contact National Instruments 
technical support for assistance.

Broken VIs:
- Output Sequencer.lvlib:Output Sequencer.lvclass:Build Channel Maps.vi:
	Refers to a missing LabVIEW class

	Refers to a missing LabVIEW class

	Cluster is invalid or empty

	Contains unwired or bad terminal

	SubVI is not executable

	Neither bundle nor unbundle of this LabVIEW class is allowed on this VI.

	You have connected two terminals of different types.

	Cannot save compiled code to previous versions

- Output Sequencer.lvlib:Output Sequencer.lvclass:Calculate Channel Value.vi:
	Type definition not found or contains errors

	Type definition not found or contains errors

	Refers to a missing LabVIEW class

	Refers to a missing LabVIEW class

	Type definition not found or contains errors

	Refers to a missing LabVIEW class

	Refers to a missing LabVIEW class

	Type definition not found or contains errors

	Refers to a missing LabVIEW class

	Refers to a missing LabVIEW class

	Type definition not found or contains errors

	Refers to a missing LabVIEW class

	Refers to a missing LabVIEW class

	Type definition not found or contains errors

	Refers to a missing LabVIEW class

	Refers to a missing LabVIEW class

	Type definition not found or contains errors

	Refers to a missing LabVIEW class

	Refers to a missing LabVIEW class

	Type definition not found or contains errors

	Refers to a missing LabVIEW class

	Refers to a missing LabVIEW class

	Type definition not found or contains errors

	Refers to a missing LabVIEW class

	Refers to a missing LabVIEW class

	Refers to a missing LabVIEW class

	Refers to a missing LabVIEW class

	Cluster is invalid or empty

	Contains unwired or bad terminal

	Contains unwired or bad terminal

	Contains unwired or bad terminal

	Contains unwired or bad terminal

	Contains unwired or bad terminal

	Cluster is invalid or empty

	Contains unwired or bad terminal

	SubVI is not executable

	Contains unwired or bad terminal

	SubVI is not executable

	SubVI is not executable

	You have connected two terminals of different types.

	You have connected two terminals of different types.

	You have connected two terminals of different types.

	You have connected two terminals of different types.

	You have connected two terminals of different types.

	N is not wired, and there are no indexing inputs.

	Neither bundle nor unbundle of this LabVIEW class is allowed on this VI.

	You have connected two terminals of different types.

	You have connected two terminals of different types.

- Output Sequencer.lvlib:Output Sequencer.lvclass:Check Condition.vi:
	Refers to a missing LabVIEW class

	Refers to a missing LabVIEW class

	Type definition not found or contains errors

	Refers to a missing LabVIEW class

	Refers to a missing LabVIEW class

	SubVI is not executable

	SubVI is missing

	SubVI is missing

	Cluster is invalid or empty

	Contains unwired or bad terminal

- Output Sequencer.lvlib:Output Sequencer.lvclass:Check Max Cycles.vi:
	Refers to a missing LabVIEW class

	Refers to a missing LabVIEW class

	Contains unwired or bad terminal

	SubVI is not executable

	Contains unwired or bad terminal

	Contains unwired or bad terminal

	Contains unwired or bad terminal

	Neither bundle nor unbundle of this LabVIEW class is allowed on this VI.

	Neither bundle nor unbundle of this LabVIEW class is allowed on this VI.

	You have connected two terminals of different types.

	You have connected two terminals of different types.

	You have connected two terminals of different types.

- Output Sequencer.lvlib:Output Sequencer.lvclass:Check Next Step.vi:
	Refers to a missing LabVIEW class

	Refers to a missing LabVIEW class

	SubVI is not executable

- Output Sequencer.lvlib:Output Sequencer.lvclass:Check Settings Changed.vi:
	Refers to a missing LabVIEW class

	Refers to a missing LabVIEW class

	You have connected two terminals of different types.

	Cluster is invalid or empty

	Contains unwired or bad terminal

	SubVI is missing

	SubVI is not executable

	SubVI is missing

	SubVI is missing

	Neither bundle nor unbundle of this LabVIEW class is allowed on this VI.

	SubVI is not executable

	Contains unwired or bad terminal

	Contains unwired or bad terminal

	SubVI is not executable

	You have connected two terminals of different types.

	You have connected two terminals of different types.

	Wired refnums are of different types.

	You have connected two terminals of different types.

	You have connected two terminals of different types.

	Neither bundle nor unbundle of this LabVIEW class is allowed on this VI.

- Output Sequencer.lvlib:Output Sequencer.lvclass:Check Step Condition.vi:
	Refers to a missing LabVIEW class

	Refers to a missing LabVIEW class

	Cluster is invalid or empty

	Contains unwired or bad terminal

	You have connected two terminals of different types.

	Cluster is invalid or empty

	Contains unwired or bad terminal

	You have connected two terminals of different types.

	SubVI is not executable

	Contains unwired or bad terminal

	You have connected two terminals of different types.

	You have connected a scalar type to an array of that type.

	Contains unwired or bad terminal

	You have connected two terminals of different types.

	Neither bundle nor unbundle of this LabVIEW class is allowed on this VI.

- Output Sequencer.lvlib:Output Sequencer.lvclass:Cleanup Channels.vi:
	Refers to a missing LabVIEW class

	Refers to a missing LabVIEW class

	The wired class does not support a method of this VI's name.

	SubVI is missing

	Contains unwired or bad terminal

	Contains unwired or bad terminal

	Invalid property

	Invalid property

	Type definition not found or contains errors

	SubVI is not executable

	Type definition not found or contains errors

	SubVI is not executable

	SubVI is not executable

	SubVI is not executable

	Type definition not found or contains errors

	SubVI is not executable

	SubVI is not executable

	Contains unwired or bad terminal

	You have connected two terminals of different types.

	Contains unwired or bad terminal

	Invalid property

	Invalid property

	Invalid property

	You have connected two terminals of different types.

	You have connected two terminals of different types.

	N is not wired, and there are no indexing inputs.

	You have connected two terminals of different types.

	Type definition not found or contains errors

	You have connected two terminals of different types.

	Wired refnums are of different types.

	Class conflict

	You have connected two terminals of different types.

	Neither bundle nor unbundle of this LabVIEW class is allowed on this VI.

	You have connected two terminals of different types.

	You have connected two terminals of different types.

	You have connected two terminals of different types.

	Cannot save compiled code to previous versions

- Output Sequencer.lvlib:Output Sequencer.lvclass:Cleanup Compiled Settings.vi:
	Refers to a missing LabVIEW class

	Refers to a missing LabVIEW class

	SubVI is not executable

	SubVI is not executable

	Cluster is invalid or empty

	Contains unwired or bad terminal

	Type definition not found or contains errors

	Type definition not found or contains errors

	Refers to a missing LabVIEW class

	Refers to a missing LabVIEW class

	Type definition not found or contains errors

	Refers to a missing LabVIEW class

	Refers to a missing LabVIEW class

	Type definition not found or contains errors

	Type definition not found or contains errors

	Refers to a missing LabVIEW class

	Refers to a missing LabVIEW class

	Type definition not found or contains errors

	Refers to a missing LabVIEW class

	Refers to a missing LabVIEW class

	Constant value includes broken or missing LabVIEW class

	Type definition not found or contains errors

	Refers to a missing LabVIEW class

	Refers to a missing LabVIEW class

	Constant value includes broken or missing LabVIEW class

	Type definition not found or contains errors

	Refers to a missing LabVIEW class

	Refers to a missing LabVIEW class

	Type definition not found or contains errors

	Refers to a missing LabVIEW class

	Refers to a missing LabVIEW class

	Type definition not found or contains errors

	Refers to a missing LabVIEW class

	Refers to a missing LabVIEW class

	Constant value includes broken or missing LabVIEW class

	Type definition not found or contains errors

	Refers to a missing LabVIEW class

	Refers to a missing LabVIEW class

	Constant value includes broken or missing LabVIEW class

	Type definition not found or contains errors

	Refers to a missing LabVIEW class

	Refers to a missing LabVIEW class

	Constant value includes broken or missing LabVIEW class

	Type definition not found or contains errors

	Refers to a missing LabVIEW class

	Refers to a missing LabVIEW class

	Type definition not found or contains errors

	Refers to a missing LabVIEW class

	Refers to a missing LabVIEW class

	Type definition not found or contains errors

	Type definition not found or contains errors

	Refers to a missing LabVIEW class

	Refers to a missing LabVIEW class

	Type definition not found or contains errors

	Refers to a missing LabVIEW class

	Refers to a missing LabVIEW class

	Constant value includes broken or missing LabVIEW class

	Type definition not found or contains errors

	Refers to a missing LabVIEW class

	Refers to a missing LabVIEW class

	Constant value includes broken or missing LabVIEW class

	Type definition not found or contains errors

	Refers to a missing LabVIEW class

	Refers to a missing LabVIEW class

	Type definition not found or contains errors

	Refers to a missing LabVIEW class

	Refers to a missing LabVIEW class

	Type definition not found or contains errors

	Refers to a missing LabVIEW class

	Refers to a missing LabVIEW class

	Constant value includes broken or missing LabVIEW class

	Type definition not found or contains errors

	Refers to a missing LabVIEW class

	Refers to a missing LabVIEW class

	Constant value includes broken or missing LabVIEW class

	Type definition not found or contains errors

	Refers to a missing LabVIEW class

	Refers to a missing LabVIEW class

	Constant value includes broken or missing LabVIEW class

	Constant value includes broken or missing LabVIEW class

	SubVI is not executable

	You have connected two terminals of different types.

	N is not wired, and there are no indexing inputs.

	SubVI is not executable

	You have connected two terminals of different types.

	N is not wired, and there are no indexing inputs.

	SubVI is not executable

	SubVI is not executable

	Cluster is invalid or empty

	Contains unwired or bad terminal

	You have connected two terminals of different types.

	You have connected two terminals of different types.

	You have connected two terminals of different types.

	N is not wired, and there are no indexing inputs.

	Contains unwired or bad terminal

	You have connected two terminals of different types.

	You have connected two terminals of different types.

	You have connected two terminals of different types.

	Neither bundle nor unbundle of this LabVIEW class is allowed on this VI.

	Cannot save compiled code to previous versions

- Output Sequencer.lvlib:Output Sequencer.lvclass:Cleanup Expression.vi:
	Type definition not found or contains errors

	Refers to a missing LabVIEW class

	Refers to a missing LabVIEW class

	Default value includes broken or missing LabVIEW class

	Cluster is invalid or empty

	Contains unwired or bad terminal

	The wired class does not support a method of this VI's name.

	SubVI is missing

	Class conflict

	Cannot save compiled code to previous versions

- Output Sequencer.lvlib:Output Sequencer.lvclass:Cleanup Session.vi:
	Refers to a missing LabVIEW class

	Refers to a missing LabVIEW class

	SubVI is not executable

	Run-time type not propagated from dynamic input to dynamic output

	Cannot save compiled code to previous versions

- Output Sequencer.lvlib:Output Sequencer.lvclass:Compile Settings.vi:
	Refers to a missing LabVIEW class

	Refers to a missing LabVIEW class

	SubVI is not executable

	Cluster is invalid or empty

	Contains unwired or bad terminal

	SubVI is not executable

	SubVI is not executable

	Contains unwired or bad terminal

	Neither bundle nor unbundle of this LabVIEW class is allowed on this VI.

	You have connected two terminals of different types.

	You have connected two terminals of different types.

	Neither bundle nor unbundle of this LabVIEW class is allowed on this VI.

	You have connected two terminals of different types.

	Cannot save compiled code to previous versions

- Output Sequencer.lvlib:Output Sequencer.lvclass:Compile Steps.vi:
	Refers to a missing LabVIEW class

	Refers to a missing LabVIEW class

	Cluster is invalid or empty

	Contains unwired or bad terminal

	Cluster is invalid or empty

	Contains unwired or bad terminal

	Type definition not found or contains errors

	Refers to a missing LabVIEW class

	Refers to a missing LabVIEW class

	Constant value includes broken or missing LabVIEW class

	SubVI is not executable

	SubVI is not executable

	Cluster is invalid or empty

	Contains unwired or bad terminal

	Contains unwired or bad terminal

	SubVI is not executable

	You have connected two terminals of different types.

	You have connected two terminals of different types.

	You have connected two terminals of different types.

	SubVI is not executable

	SubVI is not executable

	Cluster is invalid or empty

	Contains unwired or bad terminal

	SubVI is not executable

	SubVI is not executable

	Contains unwired or bad terminal

	SubVI is not executable

	You have connected two terminals of different types.

	You have connected two terminals of different types.

	You have connected two terminals of different types.

	You have connected two terminals of different types.

	You have connected two terminals of different types.

	You have connected two terminals of different types.

	Shift register: Feedback Node: data type is undefined

	N is not wired, and there are no indexing inputs.

	Contains unwired or bad terminal

	Neither bundle nor unbundle of this LabVIEW class is allowed on this VI.

	Neither bundle nor unbundle of this LabVIEW class is allowed on this VI.

	You have connected two terminals of different types.

	Cannot save compiled code to previous versions

- Output Sequencer.lvlib:Output Sequencer.lvclass:Compiled Settings.ctl:
- Output Sequencer.lvlib:Output Sequencer.lvclass:Compiled Step.ctl:
- Output Sequencer.lvlib:Output Sequencer.lvclass:Configure Session.vi:
	Refers to a missing LabVIEW class

	Refers to a missing LabVIEW class

	Cluster is invalid or empty

	Contains unwired or bad terminal

	The wired class does not support a method of this VI's name.

	SubVI is missing

	You have connected two terminals of different types.

	SubVI is not executable

	SubVI is missing

	The wired class does not support a method of this VI's name.

	SubVI is missing

	Contains unwired or bad terminal

	SubVI is not executable

	Cluster is invalid or empty

	Contains unwired or bad terminal

	SubVI is not executable

	Cluster is invalid or empty

	Contains unwired or bad terminal

	SubVI is not executable

	SubVI is not executable

	SubVI is not executable

	SubVI is not executable

	SubVI is not executable

	SubVI is missing

	SubVI is missing

	SubVI is missing

	Run-time type not propagated from dynamic input to dynamic output

	You have connected two terminals of different types.

	Neither bundle nor unbundle of this LabVIEW class is allowed on this VI.

	Neither bundle nor unbundle of this LabVIEW class is allowed on this VI.

	Class conflict

	You have connected two terminals of different types.

	Neither bundle nor unbundle of this LabVIEW class is allowed on this VI.

	Class conflict

	Class conflict

	Cannot save compiled code to previous versions

- Output Sequencer.lvlib:Output Sequencer.lvclass:Convert Settings to 
String.vi:
	SubVI is missing

	SubVI is not executable

	Polymorphic terminal cannot accept this data type.

	Polymorphic terminal cannot accept this data type.

	Polymorphic terminal cannot accept this data type.

	Cannot save compiled code to previous versions

- Output Sequencer.lvlib:Output Sequencer.lvclass:Convert Settings to 
String.vi:Instance:efaceabb-c9f2-4e33-a34b-72f25354c9b8.vi:
	Refers to a missing LabVIEW class

	SubVI is missing

	Cannot save compiled code to previous versions

- Output Sequencer.lvlib:Output Sequencer.lvclass:Create Status Channels.vi:
	Refers to a missing LabVIEW class

	Refers to a missing LabVIEW class

	SubVI is not executable

	SubVI is not executable

	Type definition not found or contains errors

	SubVI is missing

	SubVI is missing

	SubVI is missing

	SubVI is missing

	SubVI is missing

	SubVI is missing

	SubVI is missing

	SubVI is missing

	SubVI is missing

	Contains unwired or bad terminal

	SubVI is not executable

	SubVI is not executable

	SubVI is not executable

	SubVI is not executable

	SubVI is not executable

	SubVI is not executable

	Class conflict

	Cannot save compiled code to previous versions

- Output Sequencer.lvlib:Output Sequencer.lvclass:Expression Data.ctl:
- Output Sequencer.lvlib:Output Sequencer.lvclass:Finalize.vi:
	Refers to a missing LabVIEW class

	Refers to a missing LabVIEW class

	Contains unwired or bad terminal

	Contains unwired or bad terminal

	You have connected two terminals of different types.

	You have connected two terminals of different types.

	Class conflict

	You have connected two terminals of different types.

	Neither bundle nor unbundle of this LabVIEW class is allowed on this VI.

	Cannot save compiled code to previous versions

- Output Sequencer.lvlib:Output Sequencer.lvclass:Find Valid Step.vi:
	Refers to a missing LabVIEW class

	Refers to a missing LabVIEW class

	SubVI is not executable

	SubVI is not executable

	Shift register: Feedback Node: data type is undefined

- Output Sequencer.lvlib:Output Sequencer.lvclass:Get Analog and Digital 
Values.vi:
	Refers to a missing LabVIEW class

	Refers to a missing LabVIEW class

	Contains unwired or bad terminal

	Contains unwired or bad terminal

	Cluster is invalid or empty

	Contains unwired or bad terminal

	Contains unwired or bad terminal

	Contains unwired or bad terminal

	SubVI is not executable

	SubVI is not executable

	You have connected two terminals of different types.

	Cluster is invalid or empty

	Contains unwired or bad terminal

	You have connected a scalar type to an array of that type.

	You have connected two terminals of different types.

	You have connected two terminals of different types.

	Neither bundle nor unbundle of this LabVIEW class is allowed on this VI.

	You have connected two terminals of different types.

	Neither bundle nor unbundle of this LabVIEW class is allowed on this VI.

	Polymorphic terminal cannot accept this data type.

	Polymorphic terminal cannot accept this data type.

- Output Sequencer.lvlib:Output Sequencer.lvclass:Get Channel Values.vi:
	Type definition not found or contains errors

	Refers to a missing LabVIEW class

	Refers to a missing LabVIEW class

	Cluster is invalid or empty

	Contains unwired or bad terminal

	SubVI is missing

	SubVI is missing

- Output Sequencer.lvlib:Output Sequencer.lvclass:Get Current Step Duration.vi:
	Refers to a missing LabVIEW class

	Refers to a missing LabVIEW class

	Cluster is invalid or empty

	Contains unwired or bad terminal

	Contains unwired or bad terminal

	Contains unwired or bad terminal

	Neither bundle nor unbundle of this LabVIEW class is allowed on this VI.

	You have connected two terminals of different types.

	You have connected two terminals of different types.

	You have connected a scalar type to an array of that type.

	You have connected two terminals of different types.

- Output Sequencer.lvlib:Output Sequencer.lvclass:Get Last Values.vi:
	Refers to a missing LabVIEW class

	Refers to a missing LabVIEW class

	Contains unwired or bad terminal

	You have connected two terminals of different types.

	You have connected two terminals of different types.

	Neither bundle nor unbundle of this LabVIEW class is allowed on this VI.

- Output Sequencer.lvlib:Output Sequencer.lvclass:Get Next Sequential Step.vi:
	Refers to a missing LabVIEW class

	Refers to a missing LabVIEW class

	Contains unwired or bad terminal

	Contains unwired or bad terminal

	Neither bundle nor unbundle of this LabVIEW class is allowed on this VI.

	You have connected two terminals of different types.

	You have connected two terminals of different types.

- Output Sequencer.lvlib:Output Sequencer.lvclass:Get Next Step.vi:
	Refers to a missing LabVIEW class

	Refers to a missing LabVIEW class

	Contains unwired or bad terminal

	Contains unwired or bad terminal

	You have connected two terminals of different types.

	SubVI is not executable

	You have connected two terminals of different types.

	You have connected two terminals of different types.

	SubVI is not executable

	Selector values have wrong type

	Cluster is invalid or empty

	Contains unwired or bad terminal

	Contains unwired or bad terminal

	You have connected two terminals of different types.

	You have connected two terminals of different types.

	You have connected a scalar type to an array of that type.

	SubVI is not executable

	You have connected two terminals of different types.

	Contains unwired or bad terminal

	SubVI is not executable

	You have connected two terminals of different types.

	Neither bundle nor unbundle of this LabVIEW class is allowed on this VI.

	Neither bundle nor unbundle of this LabVIEW class is allowed on this VI.

	You have connected two terminals of different types.

- Output Sequencer.lvlib:Output Sequencer.lvclass:Get No Valid Step Values.vi:
	Refers to a missing LabVIEW class

	Refers to a missing LabVIEW class

	Cluster is invalid or empty

	Contains unwired or bad terminal

	Contains unwired or bad terminal

	You have connected two terminals of different types.

	You have connected two terminals of different types.

	You have connected two terminals of different types.

	Neither bundle nor unbundle of this LabVIEW class is allowed on this VI.

- Output Sequencer.lvlib:Output Sequencer.lvclass:Get Show UI.vi:
	Refers to a missing LabVIEW class

	Refers to a missing LabVIEW class

	Contains unwired or bad terminal

	Wired refnums are of different types.

	Neither bundle nor unbundle of this LabVIEW class is allowed on this VI.

	You have connected two terminals of different types.

- Output Sequencer.lvlib:Output Sequencer.lvclass:Get Step End Timestamp.vi:
	Refers to a missing LabVIEW class

	Refers to a missing LabVIEW class

	Contains unwired or bad terminal

	SubVI is not executable

	Contains unwired or bad terminal

	You have connected two terminals of different types.

	Neither bundle nor unbundle of this LabVIEW class is allowed on this VI.

- Output Sequencer.lvlib:Output Sequencer.lvclass:Get Stop Values.vi:
	Refers to a missing LabVIEW class

	Refers to a missing LabVIEW class

	Contains unwired or bad terminal

	Cluster is invalid or empty

	Contains unwired or bad terminal

	Contains unwired or bad terminal

	You have connected two terminals of different types.

	Neither bundle nor unbundle of this LabVIEW class is allowed on this VI.

	Contains unwired or bad terminal

	Neither bundle nor unbundle of this LabVIEW class is allowed on this VI.

	You have connected two terminals of different types.

	Neither bundle nor unbundle of this LabVIEW class is allowed on this VI.

	You have connected two terminals of different types.

	You have connected two terminals of different types.

- Output Sequencer.lvlib:Output Sequencer.lvclass:Get Values To Write.vi:
	Refers to a missing LabVIEW class

	Refers to a missing LabVIEW class

	Contains unwired or bad terminal

	SubVI is not executable

	SubVI is not executable

	SubVI is not executable

	Contains unwired or bad terminal

	Contains unwired or bad terminal

	You have connected two terminals of different types.

	Neither bundle nor unbundle of this LabVIEW class is allowed on this VI.

	Neither bundle nor unbundle of this LabVIEW class is allowed on this VI.

	You have connected two terminals of different types.

- Output Sequencer.lvlib:Output Sequencer.lvclass:Go To Next Valid Step.vi:
	Refers to a missing LabVIEW class

	Refers to a missing LabVIEW class

	Contains unwired or bad terminal

	SubVI is not executable

	Cluster is invalid or empty

	Contains unwired or bad terminal

	SubVI is not executable

	You have connected two terminals of different types.

	You have connected two terminals of different types.

	Neither bundle nor unbundle of this LabVIEW class is allowed on this VI.

	Contains unwired or bad terminal

	SubVI is not executable

	Neither bundle nor unbundle of this LabVIEW class is allowed on this VI.

- Output Sequencer.lvlib:Output Sequencer.lvclass:Handle Notification.vi:
	Refers to a missing LabVIEW class

	Refers to a missing LabVIEW class

	You have connected two terminals of different types.

	Wired refnums are of different types.

	You have connected two terminals of different types.

	Cluster is invalid or empty

	Contains unwired or bad terminal

	Neither bundle nor unbundle of this LabVIEW class is allowed on this VI.

	You have connected two terminals of different types.

	Contains unwired or bad terminal

	Cluster is invalid or empty

	Contains unwired or bad terminal

	You have connected two terminals of different types.

	You have connected two terminals of different types.

	Cluster is invalid or empty

	Contains unwired or bad terminal

	Cluster is invalid or empty

	Contains unwired or bad terminal

	Contains unwired or bad terminal

	You have connected two terminals of different types.

	You have connected two terminals of different types.

	You have connected two terminals of different types.

	Neither bundle nor unbundle of this LabVIEW class is allowed on this VI.

	You have connected two terminals of different types.

	SubVI is not executable

	You have connected two terminals of different types.

	Contains unwired or bad terminal

	Cluster is invalid or empty

	Contains unwired or bad terminal

	You have connected two terminals of different types.

	You have connected two terminals of different types.

	Neither bundle nor unbundle of this LabVIEW class is allowed on this VI.

	Cluster is invalid or empty

	Contains unwired or bad terminal

	Neither bundle nor unbundle of this LabVIEW class is allowed on this VI.

	You have connected two terminals of different types.

	Contains unwired or bad terminal

	Contains unwired or bad terminal

	Cluster is invalid or empty

	Contains unwired or bad terminal

	You have connected two terminals of different types.

	You have connected two terminals of different types.

	Contains unwired or bad terminal

	Cluster is invalid or empty

	Contains unwired or bad terminal

	You have connected two terminals of different types.

	You have connected two terminals of different types.

	Neither bundle nor unbundle of this LabVIEW class is allowed on this VI.

	Contains unwired or bad terminal

	Run-time type not propagated from dynamic input to dynamic output

	Neither bundle nor unbundle of this LabVIEW class is allowed on this VI.

- Output Sequencer.lvlib:Output Sequencer.lvclass:Initialize Compiled Step.vi:
	Refers to a missing LabVIEW class

	Type definition not found or contains errors

	Type definition not found or contains errors

	Refers to a missing LabVIEW class

	Refers to a missing LabVIEW class

	Type definition not found or contains errors

	Refers to a missing LabVIEW class

	Refers to a missing LabVIEW class

	Default value includes broken or missing LabVIEW class

	Type definition not found or contains errors

	Refers to a missing LabVIEW class

	Refers to a missing LabVIEW class

	Default value includes broken or missing LabVIEW class

	Type definition not found or contains errors

	Refers to a missing LabVIEW class

	Refers to a missing LabVIEW class

	Type definition not found or contains errors

	Refers to a missing LabVIEW class

	Refers to a missing LabVIEW class

	Type definition not found or contains errors

	Refers to a missing LabVIEW class

	Refers to a missing LabVIEW class

	Default value includes broken or missing LabVIEW class

	Type definition not found or contains errors

	Refers to a missing LabVIEW class

	Refers to a missing LabVIEW class

	Default value includes broken or missing LabVIEW class

	Type definition not found or contains errors

	Refers to a missing LabVIEW class

	Refers to a missing LabVIEW class

	Default value includes broken or missing LabVIEW class

	Refers to a missing LabVIEW class

	SubVI is not executable

	SubVI is not executable

	Cluster is invalid or empty

	Contains unwired or bad terminal

	Type definition not found or contains errors

	Type definition not found or contains errors

	Refers to a missing LabVIEW class

	Refers to a missing LabVIEW class

	Type definition not found or contains errors

	Refers to a missing LabVIEW class

	Refers to a missing LabVIEW class

	Constant value includes broken or missing LabVIEW class

	Type definition not found or contains errors

	Refers to a missing LabVIEW class

	Refers to a missing LabVIEW class

	Constant value includes broken or missing LabVIEW class

	Type definition not found or contains errors

	Refers to a missing LabVIEW class

	Refers to a missing LabVIEW class

	Type definition not found or contains errors

	Refers to a missing LabVIEW class

	Refers to a missing LabVIEW class

	Type definition not found or contains errors

	Refers to a missing LabVIEW class

	Refers to a missing LabVIEW class

	Constant value includes broken or missing LabVIEW class

	Type definition not found or contains errors

	Refers to a missing LabVIEW class

	Refers to a missing LabVIEW class

	Constant value includes broken or missing LabVIEW class

	Type definition not found or contains errors

	Refers to a missing LabVIEW class

	Refers to a missing LabVIEW class

	Constant value includes broken or missing LabVIEW class

	Cannot save compiled code to previous versions

- Output Sequencer.lvlib:Output Sequencer.lvclass:Initialize Conditional 
Expression.vi:
	Type definition not found or contains errors

	Refers to a missing LabVIEW class

	Refers to a missing LabVIEW class

	Default value includes broken or missing LabVIEW class

	Refers to a missing LabVIEW class

	Refers to a missing LabVIEW class

	Cluster is invalid or empty

	Contains unwired or bad terminal

	Type definition not found or contains errors

	Refers to a missing LabVIEW class

	Refers to a missing LabVIEW class

	Constant value includes broken or missing LabVIEW class

	SubVI is not executable

	Cluster is invalid or empty

	Contains unwired or bad terminal

	The wired class does not support a method of this VI's name.

	SubVI is missing

	SubVI is not executable

	SubVI is not executable

	Contains unwired or bad terminal

	Type definition not found or contains errors

	Refers to a missing LabVIEW class

	Refers to a missing LabVIEW class

	Constant value includes broken or missing LabVIEW class

	Refers to a missing LabVIEW class

	You have connected two terminals of different types.

	SubVI is not executable

	You have connected two terminals of different types.

	You have connected two terminals of different types.

	Neither bundle nor unbundle of this LabVIEW class is allowed on this VI.

	Class conflict

	Cannot save compiled code to previous versions

- Output Sequencer.lvlib:Output Sequencer.lvclass:Initialize for Preview.vi:
	Refers to a missing LabVIEW class

	SubVI is not executable

	Cluster is invalid or empty

	Contains unwired or bad terminal

	Refers to a missing LabVIEW class

	You have connected two terminals of different types.

	Neither bundle nor unbundle of this LabVIEW class is allowed on this VI.

- Output Sequencer.lvlib:Output Sequencer.lvclass:Initialize Sequence.vi:
	Refers to a missing LabVIEW class

	Refers to a missing LabVIEW class

	Contains unwired or bad terminal

	Cluster is invalid or empty

	Contains unwired or bad terminal

	Contains unwired or bad terminal

	You have connected two terminals of different types.

	You have connected two terminals of different types.

	You have connected two terminals of different types.

	Neither bundle nor unbundle of this LabVIEW class is allowed on this VI.

- Output Sequencer.lvlib:Output Sequencer.lvclass:Initialize Settings.vi:
	Refers to a missing LabVIEW class

	Refers to a missing LabVIEW class

	SubVI is not executable

	Cluster is invalid or empty

	Contains unwired or bad terminal

	Neither bundle nor unbundle of this LabVIEW class is allowed on this VI.

	Tunnel has undefined type

	SubVI is not executable

	SubVI is not executable

	SubVI is not executable

	SubVI is missing

	SubVI is missing

	SubVI is not executable

	SubVI is missing

	SubVI is missing

	SubVI is not executable

	You have connected two terminals of different types.

	Cannot save compiled code to previous versions

- Output Sequencer.lvlib:Output Sequencer.lvclass:Initialize Value 
Expression.vi:
	Type definition not found or contains errors

	Refers to a missing LabVIEW class

	Refers to a missing LabVIEW class

	Default value includes broken or missing LabVIEW class

	Refers to a missing LabVIEW class

	Refers to a missing LabVIEW class

	Cluster is invalid or empty

	Contains unwired or bad terminal

	Type definition not found or contains errors

	Refers to a missing LabVIEW class

	Refers to a missing LabVIEW class

	Constant value includes broken or missing LabVIEW class

	SubVI is not executable

	SubVI is not executable

	SubVI is not executable

	SubVI is not executable

	Cluster is invalid or empty

	Contains unwired or bad terminal

	The wired class does not support a method of this VI's name.

	SubVI is missing

	SubVI is not executable

	Type definition not found or contains errors

	Refers to a missing LabVIEW class

	Refers to a missing LabVIEW class

	Constant value includes broken or missing LabVIEW class

	Refers to a missing LabVIEW class

	Class conflict

	Cannot save compiled code to previous versions

- Output Sequencer.lvlib:Output Sequencer.lvclass:Initialize Value 
Expressions.vi:
	Type definition not found or contains errors

	Refers to a missing LabVIEW class

	Refers to a missing LabVIEW class

	Default value includes broken or missing LabVIEW class

	Refers to a missing LabVIEW class

	Refers to a missing LabVIEW class

	SubVI is not executable

	Shift register: Feedback Node: data type is undefined

	Cannot save compiled code to previous versions

- Output Sequencer.lvlib:Output Sequencer.lvclass:Initialize.vi:
	Refers to a missing LabVIEW class

	Refers to a missing LabVIEW class

	SubVI is not executable

	SubVI is not executable

	SubVI is not executable

	SubVI is missing

	SubVI is missing

	SubVI is missing

	SubVI is missing

	SubVI is not executable

	SubVI is missing

	SubVI is missing

	SubVI is not executable

	SubVI is not executable

	SubVI is missing

	SubVI is missing

	SubVI is missing

	SubVI is missing

	Type definition not found or contains errors

	Type definition not found or contains errors

	Type definition not found or contains errors

	Run-time type not propagated from dynamic input to dynamic output

	Class conflict

	Cannot save compiled code to previous versions

- Output Sequencer.lvlib:Output Sequencer.lvclass:Load Settings from JSON.vi:
	SubVI is not executable

	SubVI is missing

	SubVI is not executable

	Polymorphic terminal cannot accept this data type.

	Polymorphic terminal cannot accept this data type.

	Polymorphic terminal cannot accept this data type.

- Output Sequencer.lvlib:Output Sequencer.lvclass:Load Settings from 
JSON.vi:Instance:494bb6af-513b-4fa7-a84a-c35cc4f9ba6f.vi:
	Refers to a missing LabVIEW class

	SubVI is missing

- Output Sequencer.lvlib:Output Sequencer.lvclass:Output Sequencer.ctl:
- Output Sequencer.lvlib:Output Sequencer.lvclass:Process.vi:
	Refers to a missing LabVIEW class

	Refers to a missing LabVIEW class

	Contains unwired or bad terminal

	Cluster is invalid or empty

	Contains unwired or bad terminal

	SubVI is not executable

	You have connected two terminals of different types.

	Neither bundle nor unbundle of this LabVIEW class is allowed on this VI.

	SubVI is not executable

	SubVI is not executable

	SubVI is not executable

	SubVI is not executable

	SubVI is not executable

	Run-time type not propagated from dynamic input to dynamic output

	You have connected two terminals of different types.

	Neither bundle nor unbundle of this LabVIEW class is allowed on this VI.

	Cannot save compiled code to previous versions

- Output Sequencer.lvlib:Output Sequencer.lvclass:Read Conditional Channels.vi:
	Refers to a missing LabVIEW class

	Refers to a missing LabVIEW class

	Cluster is invalid or empty

	Contains unwired or bad terminal

	Contains unwired or bad terminal

	SubVI is missing

	SubVI is missing

	Neither bundle nor unbundle of this LabVIEW class is allowed on this VI.

	Neither bundle nor unbundle of this LabVIEW class is allowed on this VI.

	You have connected two terminals of different types.

	You have connected two terminals of different types.

	Cannot save compiled code to previous versions

- Output Sequencer.lvlib:Output Sequencer.lvclass:Sequence State Machine.vi:
	Refers to a missing LabVIEW class

	Refers to a missing LabVIEW class

	Tunnel has undefined type

	SubVI is not executable

	Contains unwired or bad terminal

	Contains unwired or bad terminal

	You have connected two terminals of different types.

	You have connected two terminals of different types.

	You have connected two terminals of different types.

	N is not wired, and there are no indexing inputs.

	Contains unwired or bad terminal

	Neither bundle nor unbundle of this LabVIEW class is allowed on this VI.

	Contains unwired or bad terminal

	You have connected two terminals of different types.

	You have connected two terminals of different types.

	Neither bundle nor unbundle of this LabVIEW class is allowed on this VI.

	Contains unwired or bad terminal

	Contains unwired or bad terminal

	Contains unwired or bad terminal

	You have connected two terminals of different types.

	You have connected two terminals of different types.

	Neither bundle nor unbundle of this LabVIEW class is allowed on this VI.

	SubVI is not executable

	SubVI is not executable

	You have connected two terminals of different types.

	Contains unwired or bad terminal

	Contains unwired or bad terminal

	Contains unwired or bad terminal

	Neither bundle nor unbundle of this LabVIEW class is allowed on this VI.

	You have connected two terminals of different types.

	You have connected two terminals of different types.

	SubVI is not executable

	Contains unwired or bad terminal

	Neither bundle nor unbundle of this LabVIEW class is allowed on this VI.

	You have connected two terminals of different types.

	SubVI is not executable

	Contains unwired or bad terminal

	Neither bundle nor unbundle of this LabVIEW class is allowed on this VI.

	You have connected two terminals of different types.

	Contains unwired or bad terminal

	Contains unwired or bad terminal

	Neither bundle nor unbundle of this LabVIEW class is allowed on this VI.

	You have connected two terminals of different types.

	SubVI is not executable

	Contains unwired or bad terminal

	Contains unwired or bad terminal

	Contains unwired or bad terminal

	Contains unwired or bad terminal

	You have connected two terminals of different types.

	You have connected two terminals of different types.

	Neither bundle nor unbundle of this LabVIEW class is allowed on this VI.

	SubVI is not executable

	You have connected two terminals of different types.

	Neither bundle nor unbundle of this LabVIEW class is allowed on this VI.

	Contains unwired or bad terminal

	SubVI is not executable

	Contains unwired or bad terminal

	Contains unwired or bad terminal

	Contains unwired or bad terminal

	SubVI is not executable

	Cluster is invalid or empty

	Contains unwired or bad terminal

	Neither bundle nor unbundle of this LabVIEW class is allowed on this VI.

	Neither bundle nor unbundle of this LabVIEW class is allowed on this VI.

	You have connected two terminals of different types.

	You have connected two terminals of different types.

	You have connected two terminals of different types.

	SubVI is not executable

	You have connected two terminals of different types.

	Neither bundle nor unbundle of this LabVIEW class is allowed on this VI.

	Contains unwired or bad terminal

	Contains unwired or bad terminal

	You have connected two terminals of different types.

	You have connected two terminals of different types.

	You have connected two terminals of different types.

	You have connected two terminals of different types.

	Neither bundle nor unbundle of this LabVIEW class is allowed on this VI.

	Shift register: Feedback Node: data type is undefined

	Contains unwired or bad terminal

	You have connected two terminals of different types.

	Neither bundle nor unbundle of this LabVIEW class is allowed on this VI.

	SubVI is not executable

- Output Sequencer.lvlib:Output Sequencer.lvclass:Show UI If Necessary.vi:
	Refers to a missing LabVIEW class

	Refers to a missing LabVIEW class

	SubVI is not executable

	Contains unwired or bad terminal

	Neither bundle nor unbundle of this LabVIEW class is allowed on this VI.

	You have connected two terminals of different types.

	Cannot save compiled code to previous versions

- Output Sequencer.lvlib:Output Sequencer.lvclass:Start Sequence.vi:
	Refers to a missing LabVIEW class

	Refers to a missing LabVIEW class

	Cluster is invalid or empty

	Contains unwired or bad terminal

	SubVI is not executable

	Neither bundle nor unbundle of this LabVIEW class is allowed on this VI.

	You have connected two terminals of different types.

- Output Sequencer.lvlib:Output Sequencer.lvclass:Stop Sequence.vi:
	Refers to a missing LabVIEW class

	Refers to a missing LabVIEW class

	You have connected two terminals of different types.

	Contains unwired or bad terminal

	Cluster is invalid or empty

	Contains unwired or bad terminal

	Neither bundle nor unbundle of this LabVIEW class is allowed on this VI.

	Cluster is invalid or empty

	Contains unwired or bad terminal

	You have connected two terminals of different types.

- Output Sequencer.lvlib:Output Sequencer.lvclass:Update Channels.vi:
	Refers to a missing LabVIEW class

	Refers to a missing LabVIEW class

	Refers to a missing LabVIEW class

	Contains unwired or bad terminal

	SubVI is not executable

	SubVI is not executable

	SubVI is not executable

	SubVI is not executable

	Type definition not found or contains errors

	Type definition not found or contains errors

	SubVI is missing

	SubVI is missing

	SubVI is missing

	Shift register: Feedback Node: data type is undefined

	Neither bundle nor unbundle of this LabVIEW class is allowed on this VI.

- Output Sequencer.lvlib:Output Sequencer.lvclass:Update Mapped Channels.vi:
	Refers to a missing LabVIEW class

	Refers to a missing LabVIEW class

	Contains unwired or bad terminal

	SubVI is not executable

	SubVI is not executable

	SubVI is missing

	SubVI is missing

	SubVI is not executable

	SubVI is missing

	SubVI is missing

	Neither bundle nor unbundle of this LabVIEW class is allowed on this VI.

	You have connected two terminals of different types.

	Cannot save compiled code to previous versions

- Output Sequencer.lvlib:Output Sequencer.lvclass:Update Previous Step 
Values.vi:
	Refers to a missing LabVIEW class

	Refers to a missing LabVIEW class

	Cluster is invalid or empty

	Contains unwired or bad terminal

	Cluster is invalid or empty

	Contains unwired or bad terminal

	Contains unwired or bad terminal

	SubVI is not executable

	You have connected two terminals of different types.

	You have connected two terminals of different types.

	You have connected two terminals of different types.

	You have connected two terminals of different types.

	N is not wired, and there are no indexing inputs.

	Contains unwired or bad terminal

	Cluster is invalid or empty

	Contains unwired or bad terminal

	Contains unwired or bad terminal

	Contains unwired or bad terminal

	Contains unwired or bad terminal

	Contains unwired or bad terminal

	SubVI is not executable

	You have connected two terminals of different types.

	You have connected two terminals of different types.

	You have connected two terminals of different types.

	You have connected two terminals of different types.

	N is not wired, and there are no indexing inputs.

	You have connected two terminals of different types.

	You have connected a scalar type to an array of that type.

	You have connected two terminals of different types.

	Neither bundle nor unbundle of this LabVIEW class is allowed on this VI.

	You have connected two terminals of different types.

- Output Sequencer.lvlib:Output Sequencer.lvclass:Update Sequencer State.vi:
	Refers to a missing LabVIEW class

	Refers to a missing LabVIEW class

	Cluster is invalid or empty

	Contains unwired or bad terminal

	You have connected two terminals of different types.

	Neither bundle nor unbundle of this LabVIEW class is allowed on this VI.

	SubVI is not executable

- Output Sequencer.lvlib:Output Sequencer.lvclass:Update Step Start 
Timestamp.vi:
	Refers to a missing LabVIEW class

	Refers to a missing LabVIEW class

	Cluster is invalid or empty

	Contains unwired or bad terminal

	Contains unwired or bad terminal

	You have connected two terminals of different types.

	Neither bundle nor unbundle of this LabVIEW class is allowed on this VI.

	You have connected two terminals of different types.

- Output Sequencer.lvlib:Output Sequencer.lvclass:Update Step State.vi:
	Refers to a missing LabVIEW class

	Refers to a missing LabVIEW class

	SubVI is not executable

	SubVI is not executable

	SubVI is not executable

	SubVI is not executable

	SubVI is not executable

	SubVI is not executable

	SubVI is not executable

	Contains unwired or bad terminal

	You have connected two terminals of different types.

	Neither bundle nor unbundle of this LabVIEW class is allowed on this VI.

- Output Sequencer.lvlib:Output Sequencer.lvclass:Update Step Time 
Remaining.vi:
	Refers to a missing LabVIEW class

	Refers to a missing LabVIEW class

	Cluster is invalid or empty

	Contains unwired or bad terminal

	SubVI is not executable

	Neither bundle nor unbundle of this LabVIEW class is allowed on this VI.

	You have connected two terminals of different types.

- Output Sequencer.lvlib:Output Sequencer.lvclass:Validate Step Action.vi:
	Refers to a missing LabVIEW class

	Refers to a missing LabVIEW class

	Contains unwired or bad terminal

	SubVI is not executable

	You have connected two terminals of different types.

	Contains unwired or bad terminal

	You have connected two terminals of different types.

	Neither bundle nor unbundle of this LabVIEW class is allowed on this VI.

	Contains unwired or bad terminal

	You have connected two terminals of different types.

	Neither bundle nor unbundle of this LabVIEW class is allowed on this VI.

	Cannot save compiled code to previous versions

- Output Sequencer.lvlib:Output Sequencer.lvclass:Write Outputs.vi:
	Refers to a missing LabVIEW class

	Refers to a missing LabVIEW class

	SubVI is not executable

	SubVI is missing

	SubVI is missing

	SubVI is missing

	SubVI is missing

	SubVI is not executable

- Output Sequencer.lvlib:Output Sequencer.lvclass:Write State.vi:
	Refers to a missing LabVIEW class

	Refers to a missing LabVIEW class

	Contains unwired or bad terminal

	Contains unwired or bad terminal

	You have connected two terminals of different types.

	SubVI is missing

	SubVI is missing

	Neither bundle nor unbundle of this LabVIEW class is allowed on this VI.

	You have connected two terminals of different types.

	Cannot save compiled code to previous versions

- Output Sequencer.lvlib:Settings UI.lvclass:Export Settings.vi:
	SubVI is missing

	Polymorphic terminal cannot accept this data type.

	Polymorphic terminal cannot accept this data type.

	Polymorphic terminal cannot accept this data type.

- Output Sequencer.lvlib:Settings UI.lvclass:Export 
Settings.vi:Instance:7bfdc0bf-7b93-47bb-8743-fa978eaef56a.vi:
	Refers to a missing LabVIEW class

	SubVI is missing

- Output Sequencer.lvlib:Settings UI.lvclass:Get Valid Channel Value String.vi:
	SubVI is not executable

	SubVI is not executable

	SubVI is not executable

	SubVI is not executable

	SubVI is not executable

	SubVI is not executable

	SubVI is not executable

	The wired class does not support a method of this VI's name.

	SubVI is missing

	Refers to a missing LabVIEW class

	The wired class does not support a method of this VI's name.

	SubVI is missing

	Class conflict

	Class conflict

	SubVI is not executable

	VI Library item not available

- Output Sequencer.lvlib:Settings UI.lvclass:Test Settings UI.vi:
	SubVI is not executable

	SubVI is not executable

	SubVI is not executable

	SubVI is missing

	Polymorphic terminal cannot accept this data type.

- Output Sequencer.lvlib:Settings UI.lvclass:Test Settings 
UI.vi:Instance:70c0feee-f92b-491b-951b-ba91555f4af3.vi:
	Refers to a missing LabVIEW class

	SubVI is missing

- Output Sequencer.lvlib:Settings UI.lvclass:Update Preview Graph.vi:
	SubVI is not executable

	SubVI is not executable

	SubVI is not executable

	SubVI is not executable

	Shift register: Feedback Node: data type is undefined

	SubVI is not executable

- Output Sequencer.lvlib:Settings UI.lvclass:Validate Condition.vi:
	SubVI is not executable

	SubVI is not executable

	The wired class does not support a method of this VI's name.

	SubVI is missing

	Refers to a missing LabVIEW class

	The wired class does not support a method of this VI's name.

	SubVI is missing

	SubVI is not executable

	SubVI is not executable

	Class conflict

	Class conflict











Click the link below to visit the Application Builder support page. Use the 
following information as a reference:



Error 1003 occurred at AB_Get_Detailed_BrokenVI_Message.vi -> 
AB_Targetfile.lvclass:Open_Top_Level_VIs.vi


Possible reason(s):


LabVIEW: (Hex 0x3EB) The VI is not executable. This error may occur because 
the VI is either broken or contains a subVI that LabVIEW cannot locate. Select 
File>>Open to open the VI and verify that you can run it.
An error occurred while running the ExecuteBuildSpec operation.

ExecuteBuildSpec operation failed.


=== ExecuteBuildSpec 'Output Sequencer Packed Library' [Packed Library] target 'My Computer' in PDK plugins\Output Sequencer\source\Output Sequencer.lvproj ===
LabVIEWCLI started logging in file:  C:\Users\ContainerAdministrator\AppData\Local\Temp\lvtemporary_615838.log
Using LabVIEW: "C:\Program Files\National Instruments\LabVIEW 2026\LabVIEW.exe"
Connection established with LabVIEW at port number 3363.

LabVIEWCLI.exe : Operation output: 
At C:\workspace\.github\labview\build-binaries.ps1:252 char:12
+     $out = & $CliExe @cliArgs 2>&1 | Out-String
+            ~~~~~~~~~~~~~~~~~~~~~~~
    + CategoryInfo          : NotSpecified: (Operation output: :String) [], Re 
   moteException
    + FullyQualifiedErrorId : NativeCommandError
 
Error Code : 1
Error Message : Cannot complete build because following VI loaded broken:

C:\workspace\PDK plugins\Output Sequencer\source\Output Sequencer\Output 
Sequencer.lvclass\Output Sequencer.ctl

Open the VI in LabVIEW and fix the listed errors. If the VI loads as expected 
but errors are still detected during the build, contact National Instruments 
technical support for assistance.

Broken VIs:
- Output Sequencer.lvlib:Output Sequencer.lvclass:Build Channel Maps.vi:
	Refers to a missing LabVIEW class

	Refers to a missing LabVIEW class

	Cluster is invalid or empty

	Contains unwired or bad terminal

	SubVI is not executable

	Neither bundle nor unbundle of this LabVIEW class is allowed on this VI.

	You have connected two terminals of different types.

	Cannot save compiled code to previous versions

- Output Sequencer.lvlib:Output Sequencer.lvclass:Calculate Channel Value.vi:
	Type definition not found or contains errors

	Type definition not found or contains errors

	Refers to a missing LabVIEW class

	Refers to a missing LabVIEW class

	Type definition not found or contains errors

	Refers to a missing LabVIEW class

	Refers to a missing LabVIEW class

	Type definition not found or contains errors

	Refers to a missing LabVIEW class

	Refers to a missing LabVIEW class

	Type definition not found or contains errors

	Refers to a missing LabVIEW class

	Refers to a missing LabVIEW class

	Type definition not found or contains errors

	Refers to a missing LabVIEW class

	Refers to a missing LabVIEW class

	Type definition not found or contains errors

	Refers to a missing LabVIEW class

	Refers to a missing LabVIEW class

	Type definition not found or contains errors

	Refers to a missing LabVIEW class

	Refers to a missing LabVIEW class

	Type definition not found or contains errors

	Refers to a missing LabVIEW class

	Refers to a missing LabVIEW class

	Refers to a missing LabVIEW class

	Refers to a missing LabVIEW class

	Cluster is invalid or empty

	Contains unwired or bad terminal

	Contains unwired or bad terminal

	Contains unwired or bad terminal

	Contains unwired or bad terminal

	Contains unwired or bad terminal

	Cluster is invalid or empty

	Contains unwired or bad terminal

	SubVI is not executable

	Contains unwired or bad terminal

	SubVI is not executable

	SubVI is not executable

	You have connected two terminals of different types.

	You have connected two terminals of different types.

	You have connected two terminals of different types.

	You have connected two terminals of different types.

	You have connected two terminals of different types.

	N is not wired, and there are no indexing inputs.

	Neither bundle nor unbundle of this LabVIEW class is allowed on this VI.

	You have connected two terminals of different types.

	You have connected two terminals of different types.

- Output Sequencer.lvlib:Output Sequencer.lvclass:Check Condition.vi:
	Refers to a missing LabVIEW class

	Refers to a missing LabVIEW class

	Type definition not found or contains errors

	Refers to a missing LabVIEW class

	Refers to a missing LabVIEW class

	SubVI is not executable

	SubVI is missing

	SubVI is missing

	Cluster is invalid or empty

	Contains unwired or bad terminal

- Output Sequencer.lvlib:Output Sequencer.lvclass:Check Max Cycles.vi:
	Refers to a missing LabVIEW class

	Refers to a missing LabVIEW class

	Contains unwired or bad terminal

	SubVI is not executable

	Contains unwired or bad terminal

	Contains unwired or bad terminal

	Contains unwired or bad terminal

	Neither bundle nor unbundle of this LabVIEW class is allowed on this VI.

	Neither bundle nor unbundle of this LabVIEW class is allowed on this VI.

	You have connected two terminals of different types.

	You have connected two terminals of different types.

	You have connected two terminals of different types.

- Output Sequencer.lvlib:Output Sequencer.lvclass:Check Next Step.vi:
	Refers to a missing LabVIEW class

	Refers to a missing LabVIEW class

	SubVI is not executable

- Output Sequencer.lvlib:Output Sequencer.lvclass:Check Settings Changed.vi:
	Refers to a missing LabVIEW class

	Refers to a missing LabVIEW class

	You have connected two terminals of different types.

	Cluster is invalid or empty

	Contains unwired or bad terminal

	SubVI is missing

	SubVI is not executable

	SubVI is missing

	SubVI is missing

	Neither bundle nor unbundle of this LabVIEW class is allowed on this VI.

	SubVI is not executable

	Contains unwired or bad terminal

	Contains unwired or bad terminal

	SubVI is not executable

	You have connected two terminals of different types.

	You have connected two terminals of different types.

	Wired refnums are of different types.

	You have connected two terminals of different types.

	You have connected two terminals of different types.

	Neither bundle nor unbundle of this LabVIEW class is allowed on this VI.

- Output Sequencer.lvlib:Output Sequencer.lvclass:Check Step Condition.vi:
	Refers to a missing LabVIEW class

	Refers to a missing LabVIEW class

	Cluster is invalid or empty

	Contains unwired or bad terminal

	You have connected two terminals of different types.

	Cluster is invalid or empty

	Contains unwired or bad terminal

	You have connected two terminals of different types.

	SubVI is not executable

	Contains unwired or bad terminal

	You have connected two terminals of different types.

	You have connected a scalar type to an array of that type.

	Contains unwired or bad terminal

	You have connected two terminals of different types.

	Neither bundle nor unbundle of this LabVIEW class is allowed on this VI.

- Output Sequencer.lvlib:Output Sequencer.lvclass:Cleanup Channels.vi:
	Refers to a missing LabVIEW class

	Refers to a missing LabVIEW class

	The wired class does not support a method of this VI's name.

	SubVI is missing

	Contains unwired or bad terminal

	Contains unwired or bad terminal

	Invalid property

	Invalid property

	Type definition not found or contains errors

	SubVI is not executable

	Type definition not found or contains errors

	SubVI is not executable

	SubVI is not executable

	SubVI is not executable

	Type definition not found or contains errors

	SubVI is not executable

	SubVI is not executable

	Contains unwired or bad terminal

	You have connected two terminals of different types.

	Contains unwired or bad terminal

	Invalid property

	Invalid property

	Invalid property

	You have connected two terminals of different types.

	You have connected two terminals of different types.

	N is not wired, and there are no indexing inputs.

	You have connected two terminals of different types.

	Type definition not found or contains errors

	You have connected two terminals of different types.

	Wired refnums are of different types.

	Class conflict

	You have connected two terminals of different types.

	Neither bundle nor unbundle of this LabVIEW class is allowed on this VI.

	You have connected two terminals of different types.

	You have connected two terminals of different types.

	You have connected two terminals of different types.

	Cannot save compiled code to previous versions

- Output Sequencer.lvlib:Output Sequencer.lvclass:Cleanup Compiled Settings.vi:
	Refers to a missing LabVIEW class

	Refers to a missing LabVIEW class

	SubVI is not executable

	SubVI is not executable

	Cluster is invalid or empty

	Contains unwired or bad terminal

	Type definition not found or contains errors

	Type definition not found or contains errors

	Refers to a missing LabVIEW class

	Refers to a missing LabVIEW class

	Type definition not found or contains errors

	Refers to a missing LabVIEW class

	Refers to a missing LabVIEW class

	Type definition not found or contains errors

	Type definition not found or contains errors

	Refers to a missing LabVIEW class

	Refers to a missing LabVIEW class

	Type definition not found or contains errors

	Refers to a missing LabVIEW class

	Refers to a missing LabVIEW class

	Constant value includes broken or missing LabVIEW class

	Type definition not found or contains errors

	Refers to a missing LabVIEW class

	Refers to a missing LabVIEW class

	Constant value includes broken or missing LabVIEW class

	Type definition not found or contains errors

	Refers to a missing LabVIEW class

	Refers to a missing LabVIEW class

	Type definition not found or contains errors

	Refers to a missing LabVIEW class

	Refers to a missing LabVIEW class

	Type definition not found or contains errors

	Refers to a missing LabVIEW class

	Refers to a missing LabVIEW class

	Constant value includes broken or missing LabVIEW class

	Type definition not found or contains errors

	Refers to a missing LabVIEW class

	Refers to a missing LabVIEW class

	Constant value includes broken or missing LabVIEW class

	Type definition not found or contains errors

	Refers to a missing LabVIEW class

	Refers to a missing LabVIEW class

	Constant value includes broken or missing LabVIEW class

	Type definition not found or contains errors

	Refers to a missing LabVIEW class

	Refers to a missing LabVIEW class

	Type definition not found or contains errors

	Refers to a missing LabVIEW class

	Refers to a missing LabVIEW class

	Type definition not found or contains errors

	Type definition not found or contains errors

	Refers to a missing LabVIEW class

	Refers to a missing LabVIEW class

	Type definition not found or contains errors

	Refers to a missing LabVIEW class

	Refers to a missing LabVIEW class

	Constant value includes broken or missing LabVIEW class

	Type definition not found or contains errors

	Refers to a missing LabVIEW class

	Refers to a missing LabVIEW class

	Constant value includes broken or missing LabVIEW class

	Type definition not found or contains errors

	Refers to a missing LabVIEW class

	Refers to a missing LabVIEW class

	Type definition not found or contains errors

	Refers to a missing LabVIEW class

	Refers to a missing LabVIEW class

	Type definition not found or contains errors

	Refers to a missing LabVIEW class

	Refers to a missing LabVIEW class

	Constant value includes broken or missing LabVIEW class

	Type definition not found or contains errors

	Refers to a missing LabVIEW class

	Refers to a missing LabVIEW class

	Constant value includes broken or missing LabVIEW class

	Type definition not found or contains errors

	Refers to a missing LabVIEW class

	Refers to a missing LabVIEW class

	Constant value includes broken or missing LabVIEW class

	Constant value includes broken or missing LabVIEW class

	SubVI is not executable

	You have connected two terminals of different types.

	N is not wired, and there are no indexing inputs.

	SubVI is not executable

	You have connected two terminals of different types.

	N is not wired, and there are no indexing inputs.

	SubVI is not executable

	SubVI is not executable

	Cluster is invalid or empty

	Contains unwired or bad terminal

	You have connected two terminals of different types.

	You have connected two terminals of different types.

	You have connected two terminals of different types.

	N is not wired, and there are no indexing inputs.

	Contains unwired or bad terminal

	You have connected two terminals of different types.

	You have connected two terminals of different types.

	You have connected two terminals of different types.

	Neither bundle nor unbundle of this LabVIEW class is allowed on this VI.

	Cannot save compiled code to previous versions

- Output Sequencer.lvlib:Output Sequencer.lvclass:Cleanup Expression.vi:
	Type definition not found or contains errors

	Refers to a missing LabVIEW class

	Refers to a missing LabVIEW class

	Default value includes broken or missing LabVIEW class

	Cluster is invalid or empty

	Contains unwired or bad terminal

	The wired class does not support a method of this VI's name.

	SubVI is missing

	Class conflict

	Cannot save compiled code to previous versions

- Output Sequencer.lvlib:Output Sequencer.lvclass:Cleanup Session.vi:
	Refers to a missing LabVIEW class

	Refers to a missing LabVIEW class

	SubVI is not executable

	Run-time type not propagated from dynamic input to dynamic output

	Cannot save compiled code to previous versions

- Output Sequencer.lvlib:Output Sequencer.lvclass:Compile Settings.vi:
	Refers to a missing LabVIEW class

	Refers to a missing LabVIEW class

	SubVI is not executable

	Cluster is invalid or empty

	Contains unwired or bad terminal

	SubVI is not executable

	SubVI is not executable

	Contains unwired or bad terminal

	Neither bundle nor unbundle of this LabVIEW class is allowed on this VI.

	You have connected two terminals of different types.

	You have connected two terminals of different types.

	Neither bundle nor unbundle of this LabVIEW class is allowed on this VI.

	You have connected two terminals of different types.

	Cannot save compiled code to previous versions

- Output Sequencer.lvlib:Output Sequencer.lvclass:Compile Steps.vi:
	Refers to a missing LabVIEW class

	Refers to a missing LabVIEW class

	Cluster is invalid or empty

	Contains unwired or bad terminal

	Cluster is invalid or empty

	Contains unwired or bad terminal

	Type definition not found or contains errors

	Refers to a missing LabVIEW class

	Refers to a missing LabVIEW class

	Constant value includes broken or missing LabVIEW class

	SubVI is not executable

	SubVI is not executable

	Cluster is invalid or empty

	Contains unwired or bad terminal

	Contains unwired or bad terminal

	SubVI is not executable

	You have connected two terminals of different types.

	You have connected two terminals of different types.

	You have connected two terminals of different types.

	SubVI is not executable

	SubVI is not executable

	Cluster is invalid or empty

	Contains unwired or bad terminal

	SubVI is not executable

	SubVI is not executable

	Contains unwired or bad terminal

	SubVI is not executable

	You have connected two terminals of different types.

	You have connected two terminals of different types.

	You have connected two terminals of different types.

	You have connected two terminals of different types.

	You have connected two terminals of different types.

	You have connected two terminals of different types.

	Shift register: Feedback Node: data type is undefined

	N is not wired, and there are no indexing inputs.

	Contains unwired or bad terminal

	Neither bundle nor unbundle of this LabVIEW class is allowed on this VI.

	Neither bundle nor unbundle of this LabVIEW class is allowed on this VI.

	You have connected two terminals of different types.

	Cannot save compiled code to previous versions

- Output Sequencer.lvlib:Output Sequencer.lvclass:Compiled Settings.ctl:
- Output Sequencer.lvlib:Output Sequencer.lvclass:Compiled Step.ctl:
- Output Sequencer.lvlib:Output Sequencer.lvclass:Configure Session.vi:
	Refers to a missing LabVIEW class

	Refers to a missing LabVIEW class

	Cluster is invalid or empty

	Contains unwired or bad terminal

	The wired class does not support a method of this VI's name.

	SubVI is missing

	You have connected two terminals of different types.

	SubVI is not executable

	SubVI is missing

	The wired class does not support a method of this VI's name.

	SubVI is missing

	Contains unwired or bad terminal

	SubVI is not executable

	Cluster is invalid or empty

	Contains unwired or bad terminal

	SubVI is not executable

	Cluster is invalid or empty

	Contains unwired or bad terminal

	SubVI is not executable

	SubVI is not executable

	SubVI is not executable

	SubVI is not executable

	SubVI is not executable

	SubVI is missing

	SubVI is missing

	SubVI is missing

	Run-time type not propagated from dynamic input to dynamic output

	You have connected two terminals of different types.

	Neither bundle nor unbundle of this LabVIEW class is allowed on this VI.

	Neither bundle nor unbundle of this LabVIEW class is allowed on this VI.

	Class conflict

	You have connected two terminals of different types.

	Neither bundle nor unbundle of this LabVIEW class is allowed on this VI.

	Class conflict

	Class conflict

	Cannot save compiled code to previous versions

- Output Sequencer.lvlib:Output Sequencer.lvclass:Convert Settings to 
String.vi:
	SubVI is missing

	SubVI is not executable

	Polymorphic terminal cannot accept this data type.

	Polymorphic terminal cannot accept this data type.

	Polymorphic terminal cannot accept this data type.

	Cannot save compiled code to previous versions

- Output Sequencer.lvlib:Output Sequencer.lvclass:Convert Settings to 
String.vi:Instance:efaceabb-c9f2-4e33-a34b-72f25354c9b8.vi:
	Refers to a missing LabVIEW class

	SubVI is missing

	Cannot save compiled code to previous versions

- Output Sequencer.lvlib:Output Sequencer.lvclass:Create Status Channels.vi:
	Refers to a missing LabVIEW class

	Refers to a missing LabVIEW class

	SubVI is not executable

	SubVI is not executable

	Type definition not found or contains errors

	SubVI is missing

	SubVI is missing

	SubVI is missing

	SubVI is missing

	SubVI is missing

	SubVI is missing

	SubVI is missing

	SubVI is missing

	SubVI is missing

	Contains unwired or bad terminal

	SubVI is not executable

	SubVI is not executable

	SubVI is not executable

	SubVI is not executable

	SubVI is not executable

	SubVI is not executable

	Class conflict

	Cannot save compiled code to previous versions

- Output Sequencer.lvlib:Output Sequencer.lvclass:Expression Data.ctl:
- Output Sequencer.lvlib:Output Sequencer.lvclass:Finalize.vi:
	Refers to a missing LabVIEW class

	Refers to a missing LabVIEW class

	Contains unwired or bad terminal

	Contains unwired or bad terminal

	You have connected two terminals of different types.

	You have connected two terminals of different types.

	Class conflict

	You have connected two terminals of different types.

	Neither bundle nor unbundle of this LabVIEW class is allowed on this VI.

	Cannot save compiled code to previous versions

- Output Sequencer.lvlib:Output Sequencer.lvclass:Find Valid Step.vi:
	Refers to a missing LabVIEW class

	Refers to a missing LabVIEW class

	SubVI is not executable

	SubVI is not executable

	Shift register: Feedback Node: data type is undefined

- Output Sequencer.lvlib:Output Sequencer.lvclass:Get Analog and Digital 
Values.vi:
	Refers to a missing LabVIEW class

	Refers to a missing LabVIEW class

	Contains unwired or bad terminal

	Contains unwired or bad terminal

	Cluster is invalid or empty

	Contains unwired or bad terminal

	Contains unwired or bad terminal

	Contains unwired or bad terminal

	SubVI is not executable

	SubVI is not executable

	You have connected two terminals of different types.

	Cluster is invalid or empty

	Contains unwired or bad terminal

	You have connected a scalar type to an array of that type.

	You have connected two terminals of different types.

	You have connected two terminals of different types.

	Neither bundle nor unbundle of this LabVIEW class is allowed on this VI.

	You have connected two terminals of different types.

	Neither bundle nor unbundle of this LabVIEW class is allowed on this VI.

	Polymorphic terminal cannot accept this data type.

	Polymorphic terminal cannot accept this data type.

- Output Sequencer.lvlib:Output Sequencer.lvclass:Get Channel Values.vi:
	Type definition not found or contains errors

	Refers to a missing LabVIEW class

	Refers to a missing LabVIEW class

	Cluster is invalid or empty

	Contains unwired or bad terminal

	SubVI is missing

	SubVI is missing

- Output Sequencer.lvlib:Output Sequencer.lvclass:Get Current Step Duration.vi:
	Refers to a missing LabVIEW class

	Refers to a missing LabVIEW class

	Cluster is invalid or empty

	Contains unwired or bad terminal

	Contains unwired or bad terminal

	Contains unwired or bad terminal

	Neither bundle nor unbundle of this LabVIEW class is allowed on this VI.

	You have connected two terminals of different types.

	You have connected two terminals of different types.

	You have connected a scalar type to an array of that type.

	You have connected two terminals of different types.

- Output Sequencer.lvlib:Output Sequencer.lvclass:Get Last Values.vi:
	Refers to a missing LabVIEW class

	Refers to a missing LabVIEW class

	Contains unwired or bad terminal

	You have connected two terminals of different types.

	You have connected two terminals of different types.

	Neither bundle nor unbundle of this LabVIEW class is allowed on this VI.

- Output Sequencer.lvlib:Output Sequencer.lvclass:Get Next Sequential Step.vi:
	Refers to a missing LabVIEW class

	Refers to a missing LabVIEW class

	Contains unwired or bad terminal

	Contains unwired or bad terminal

	Neither bundle nor unbundle of this LabVIEW class is allowed on this VI.

	You have connected two terminals of different types.

	You have connected two terminals of different types.

- Output Sequencer.lvlib:Output Sequencer.lvclass:Get Next Step.vi:
	Refers to a missing LabVIEW class

	Refers to a missing LabVIEW class

	Contains unwired or bad terminal

	Contains unwired or bad terminal

	You have connected two terminals of different types.

	SubVI is not executable

	You have connected two terminals of different types.

	You have connected two terminals of different types.

	SubVI is not executable

	Selector values have wrong type

	Cluster is invalid or empty

	Contains unwired or bad terminal

	Contains unwired or bad terminal

	You have connected two terminals of different types.

	You have connected two terminals of different types.

	You have connected a scalar type to an array of that type.

	SubVI is not executable

	You have connected two terminals of different types.

	Contains unwired or bad terminal

	SubVI is not executable

	You have connected two terminals of different types.

	Neither bundle nor unbundle of this LabVIEW class is allowed on this VI.

	Neither bundle nor unbundle of this LabVIEW class is allowed on this VI.

	You have connected two terminals of different types.

- Output Sequencer.lvlib:Output Sequencer.lvclass:Get No Valid Step Values.vi:
	Refers to a missing LabVIEW class

	Refers to a missing LabVIEW class

	Cluster is invalid or empty

	Contains unwired or bad terminal

	Contains unwired or bad terminal

	You have connected two terminals of different types.

	You have connected two terminals of different types.

	You have connected two terminals of different types.

	Neither bundle nor unbundle of this LabVIEW class is allowed on this VI.

- Output Sequencer.lvlib:Output Sequencer.lvclass:Get Show UI.vi:
	Refers to a missing LabVIEW class

	Refers to a missing LabVIEW class

	Contains unwired or bad terminal

	Wired refnums are of different types.

	Neither bundle nor unbundle of this LabVIEW class is allowed on this VI.

	You have connected two terminals of different types.

- Output Sequencer.lvlib:Output Sequencer.lvclass:Get Step End Timestamp.vi:
	Refers to a missing LabVIEW class

	Refers to a missing LabVIEW class

	Contains unwired or bad terminal

	SubVI is not executable

	Contains unwired or bad terminal

	You have connected two terminals of different types.

	Neither bundle nor unbundle of this LabVIEW class is allowed on this VI.

- Output Sequencer.lvlib:Output Sequencer.lvclass:Get Stop Values.vi:
	Refers to a missing LabVIEW class

	Refers to a missing LabVIEW class

	Contains unwired or bad terminal

	Cluster is invalid or empty

	Contains unwired or bad terminal

	Contains unwired or bad terminal

	You have connected two terminals of different types.

	Neither bundle nor unbundle of this LabVIEW class is allowed on this VI.

	Contains unwired or bad terminal

	Neither bundle nor unbundle of this LabVIEW class is allowed on this VI.

	You have connected two terminals of different types.

	Neither bundle nor unbundle of this LabVIEW class is allowed on this VI.

	You have connected two terminals of different types.

	You have connected two terminals of different types.

- Output Sequencer.lvlib:Output Sequencer.lvclass:Get Values To Write.vi:
	Refers to a missing LabVIEW class

	Refers to a missing LabVIEW class

	Contains unwired or bad terminal

	SubVI is not executable

	SubVI is not executable

	SubVI is not executable

	Contains unwired or bad terminal

	Contains unwired or bad terminal

	You have connected two terminals of different types.

	Neither bundle nor unbundle of this LabVIEW class is allowed on this VI.

	Neither bundle nor unbundle of this LabVIEW class is allowed on this VI.

	You have connected two terminals of different types.

- Output Sequencer.lvlib:Output Sequencer.lvclass:Go To Next Valid Step.vi:
	Refers to a missing LabVIEW class

	Refers to a missing LabVIEW class

	Contains unwired or bad terminal

	SubVI is not executable

	Cluster is invalid or empty

	Contains unwired or bad terminal

	SubVI is not executable

	You have connected two terminals of different types.

	You have connected two terminals of different types.

	Neither bundle nor unbundle of this LabVIEW class is allowed on this VI.

	Contains unwired or bad terminal

	SubVI is not executable

	Neither bundle nor unbundle of this LabVIEW class is allowed on this VI.

- Output Sequencer.lvlib:Output Sequencer.lvclass:Handle Notification.vi:
	Refers to a missing LabVIEW class

	Refers to a missing LabVIEW class

	You have connected two terminals of different types.

	Wired refnums are of different types.

	You have connected two terminals of different types.

	Cluster is invalid or empty

	Contains unwired or bad terminal

	Neither bundle nor unbundle of this LabVIEW class is allowed on this VI.

	You have connected two terminals of different types.

	Contains unwired or bad terminal

	Cluster is invalid or empty

	Contains unwired or bad terminal

	You have connected two terminals of different types.

	You have connected two terminals of different types.

	Cluster is invalid or empty

	Contains unwired or bad terminal

	Cluster is invalid or empty

	Contains unwired or bad terminal

	Contains unwired or bad terminal

	You have connected two terminals of different types.

	You have connected two terminals of different types.

	You have connected two terminals of different types.

	Neither bundle nor unbundle of this LabVIEW class is allowed on this VI.

	You have connected two terminals of different types.

	SubVI is not executable

	You have connected two terminals of different types.

	Contains unwired or bad terminal

	Cluster is invalid or empty

	Contains unwired or bad terminal

	You have connected two terminals of different types.

	You have connected two terminals of different types.

	Neither bundle nor unbundle of this LabVIEW class is allowed on this VI.

	Cluster is invalid or empty

	Contains unwired or bad terminal

	Neither bundle nor unbundle of this LabVIEW class is allowed on this VI.

	You have connected two terminals of different types.

	Contains unwired or bad terminal

	Contains unwired or bad terminal

	Cluster is invalid or empty

	Contains unwired or bad terminal

	You have connected two terminals of different types.

	You have connected two terminals of different types.

	Contains unwired or bad terminal

	Cluster is invalid or empty

	Contains unwired or bad terminal

	You have connected two terminals of different types.

	You have connected two terminals of different types.

	Neither bundle nor unbundle of this LabVIEW class is allowed on this VI.

	Contains unwired or bad terminal

	Run-time type not propagated from dynamic input to dynamic output

	Neither bundle nor unbundle of this LabVIEW class is allowed on this VI.

- Output Sequencer.lvlib:Output Sequencer.lvclass:Initialize Compiled Step.vi:
	Refers to a missing LabVIEW class

	Type definition not found or contains errors

	Type definition not found or contains errors

	Refers to a missing LabVIEW class

	Refers to a missing LabVIEW class

	Type definition not found or contains errors

	Refers to a missing LabVIEW class

	Refers to a missing LabVIEW class

	Default value includes broken or missing LabVIEW class

	Type definition not found or contains errors

	Refers to a missing LabVIEW class

	Refers to a missing LabVIEW class

	Default value includes broken or missing LabVIEW class

	Type definition not found or contains errors

	Refers to a missing LabVIEW class

	Refers to a missing LabVIEW class

	Type definition not found or contains errors

	Refers to a missing LabVIEW class

	Refers to a missing LabVIEW class

	Type definition not found or contains errors

	Refers to a missing LabVIEW class

	Refers to a missing LabVIEW class

	Default value includes broken or missing LabVIEW class

	Type definition not found or contains errors

	Refers to a missing LabVIEW class

	Refers to a missing LabVIEW class

	Default value includes broken or missing LabVIEW class

	Type definition not found or contains errors

	Refers to a missing LabVIEW class

	Refers to a missing LabVIEW class

	Default value includes broken or missing LabVIEW class

	Refers to a missing LabVIEW class

	SubVI is not executable

	SubVI is not executable

	Cluster is invalid or empty

	Contains unwired or bad terminal

	Type definition not found or contains errors

	Type definition not found or contains errors

	Refers to a missing LabVIEW class

	Refers to a missing LabVIEW class

	Type definition not found or contains errors

	Refers to a missing LabVIEW class

	Refers to a missing LabVIEW class

	Constant value includes broken or missing LabVIEW class

	Type definition not found or contains errors

	Refers to a missing LabVIEW class

	Refers to a missing LabVIEW class

	Constant value includes broken or missing LabVIEW class

	Type definition not found or contains errors

	Refers to a missing LabVIEW class

	Refers to a missing LabVIEW class

	Type definition not found or contains errors

	Refers to a missing LabVIEW class

	Refers to a missing LabVIEW class

	Type definition not found or contains errors

	Refers to a missing LabVIEW class

	Refers to a missing LabVIEW class

	Constant value includes broken or missing LabVIEW class

	Type definition not found or contains errors

	Refers to a missing LabVIEW class

	Refers to a missing LabVIEW class

	Constant value includes broken or missing LabVIEW class

	Type definition not found or contains errors

	Refers to a missing LabVIEW class

	Refers to a missing LabVIEW class

	Constant value includes broken or missing LabVIEW class

	Cannot save compiled code to previous versions

- Output Sequencer.lvlib:Output Sequencer.lvclass:Initialize Conditional 
Expression.vi:
	Type definition not found or contains errors

	Refers to a missing LabVIEW class

	Refers to a missing LabVIEW class

	Default value includes broken or missing LabVIEW class

	Refers to a missing LabVIEW class

	Refers to a missing LabVIEW class

	Cluster is invalid or empty

	Contains unwired or bad terminal

	Type definition not found or contains errors

	Refers to a missing LabVIEW class

	Refers to a missing LabVIEW class

	Constant value includes broken or missing LabVIEW class

	SubVI is not executable

	Cluster is invalid or empty

	Contains unwired or bad terminal

	The wired class does not support a method of this VI's name.

	SubVI is missing

	SubVI is not executable

	SubVI is not executable

	Contains unwired or bad terminal

	Type definition not found or contains errors

	Refers to a missing LabVIEW class

	Refers to a missing LabVIEW class

	Constant value includes broken or missing LabVIEW class

	Refers to a missing LabVIEW class

	You have connected two terminals of different types.

	SubVI is not executable

	You have connected two terminals of different types.

	You have connected two terminals of different types.

	Neither bundle nor unbundle of this LabVIEW class is allowed on this VI.

	Class conflict

	Cannot save compiled code to previous versions

- Output Sequencer.lvlib:Output Sequencer.lvclass:Initialize for Preview.vi:
	Refers to a missing LabVIEW class

	SubVI is not executable

	Cluster is invalid or empty

	Contains unwired or bad terminal

	Refers to a missing LabVIEW class

	You have connected two terminals of different types.

	Neither bundle nor unbundle of this LabVIEW class is allowed on this VI.

- Output Sequencer.lvlib:Output Sequencer.lvclass:Initialize Sequence.vi:
	Refers to a missing LabVIEW class

	Refers to a missing LabVIEW class

	Contains unwired or bad terminal

	Cluster is invalid or empty

	Contains unwired or bad terminal

	Contains unwired or bad terminal

	You have connected two terminals of different types.

	You have connected two terminals of different types.

	You have connected two terminals of different types.

	Neither bundle nor unbundle of this LabVIEW class is allowed on this VI.

- Output Sequencer.lvlib:Output Sequencer.lvclass:Initialize Settings.vi:
	Refers to a missing LabVIEW class

	Refers to a missing LabVIEW class

	Cluster is invalid or empty

	Contains unwired or bad terminal

	Neither bundle nor unbundle of this LabVIEW class is allowed on this VI.

	Tunnel has undefined type

	SubVI is not executable

	SubVI is not executable

	SubVI is not executable

	SubVI is missing

	SubVI is missing

	SubVI is not executable

	SubVI is missing

	SubVI is missing

	SubVI is not executable

	You have connected two terminals of different types.

	Cannot save compiled code to previous versions

- Output Sequencer.lvlib:Output Sequencer.lvclass:Initialize Value 
Expression.vi:
	Type definition not found or contains errors

	Refers to a missing LabVIEW class

	Refers to a missing LabVIEW class

	Default value includes broken or missing LabVIEW class

	Refers to a missing LabVIEW class

	Refers to a missing LabVIEW class

	Cluster is invalid or empty

	Contains unwired or bad terminal

	Type definition not found or contains errors

	Refers to a missing LabVIEW class

	Refers to a missing LabVIEW class

	Constant value includes broken or missing LabVIEW class

	SubVI is not executable

	SubVI is not executable

	SubVI is not executable

	SubVI is not executable

	Cluster is invalid or empty

	Contains unwired or bad terminal

	The wired class does not support a method of this VI's name.

	SubVI is missing

	SubVI is not executable

	Type definition not found or contains errors

	Refers to a missing LabVIEW class

	Refers to a missing LabVIEW class

	Constant value includes broken or missing LabVIEW class

	Refers to a missing LabVIEW class

	Class conflict

	Cannot save compiled code to previous versions

- Output Sequencer.lvlib:Output Sequencer.lvclass:Initialize Value 
Expressions.vi:
	Type definition not found or contains errors

	Refers to a missing LabVIEW class

	Refers to a missing LabVIEW class

	Default value includes broken or missing LabVIEW class

	Refers to a missing LabVIEW class

	Refers to a missing LabVIEW class

	SubVI is not executable

	Shift register: Feedback Node: data type is undefined

	Cannot save compiled code to previous versions

- Output Sequencer.lvlib:Output Sequencer.lvclass:Initialize.vi:
	Refers to a missing LabVIEW class

	Refers to a missing LabVIEW class

	SubVI is not executable

	SubVI is not executable

	SubVI is not executable

	SubVI is missing

	SubVI is missing

	SubVI is missing

	SubVI is missing

	SubVI is not executable

	SubVI is missing

	SubVI is missing

	SubVI is not executable

	SubVI is not executable

	SubVI is missing

	SubVI is missing

	SubVI is missing

	SubVI is missing

	Type definition not found or contains errors

	Type definition not found or contains errors

	Type definition not found or contains errors

	Run-time type not propagated from dynamic input to dynamic output

	Class conflict

	Cannot save compiled code to previous versions

- Output Sequencer.lvlib:Output Sequencer.lvclass:Load Settings from JSON.vi:
	SubVI is not executable

	SubVI is missing

	SubVI is not executable

	Polymorphic terminal cannot accept this data type.

	Polymorphic terminal cannot accept this data type.

	Polymorphic terminal cannot accept this data type.

- Output Sequencer.lvlib:Output Sequencer.lvclass:Load Settings from 
JSON.vi:Instance:494bb6af-513b-4fa7-a84a-c35cc4f9ba6f.vi:
	Refers to a missing LabVIEW class

	SubVI is missing

- Output Sequencer.lvlib:Output Sequencer.lvclass:Output Sequencer.ctl:
- Output Sequencer.lvlib:Output Sequencer.lvclass:Process.vi:
	Refers to a missing LabVIEW class

	Refers to a missing LabVIEW class

	Contains unwired or bad terminal

	Cluster is invalid or empty

	Contains unwired or bad terminal

	SubVI is not executable

	You have connected two terminals of different types.

	Neither bundle nor unbundle of this LabVIEW class is allowed on this VI.

	SubVI is not executable

	SubVI is not executable

	SubVI is not executable

	SubVI is not executable

	SubVI is not executable

	Run-time type not propagated from dynamic input to dynamic output

	You have connected two terminals of different types.

	Neither bundle nor unbundle of this LabVIEW class is allowed on this VI.

	Cannot save compiled code to previous versions

- Output Sequencer.lvlib:Output Sequencer.lvclass:Read Conditional Channels.vi:
	Refers to a missing LabVIEW class

	Refers to a missing LabVIEW class

	Cluster is invalid or empty

	Contains unwired or bad terminal

	Contains unwired or bad terminal

	SubVI is missing

	SubVI is missing

	Neither bundle nor unbundle of this LabVIEW class is allowed on this VI.

	Neither bundle nor unbundle of this LabVIEW class is allowed on this VI.

	You have connected two terminals of different types.

	You have connected two terminals of different types.

	Cannot save compiled code to previous versions

- Output Sequencer.lvlib:Output Sequencer.lvclass:Sequence State Machine.vi:
	Refers to a missing LabVIEW class

	Refers to a missing LabVIEW class

	Tunnel has undefined type

	SubVI is not executable

	Contains unwired or bad terminal

	Contains unwired or bad terminal

	You have connected two terminals of different types.

	You have connected two terminals of different types.

	You have connected two terminals of different types.

	N is not wired, and there are no indexing inputs.

	Contains unwired or bad terminal

	Neither bundle nor unbundle of this LabVIEW class is allowed on this VI.

	Contains unwired or bad terminal

	You have connected two terminals of different types.

	You have connected two terminals of different types.

	Neither bundle nor unbundle of this LabVIEW class is allowed on this VI.

	Contains unwired or bad terminal

	Contains unwired or bad terminal

	Contains unwired or bad terminal

	You have connected two terminals of different types.

	You have connected two terminals of different types.

	Neither bundle nor unbundle of this LabVIEW class is allowed on this VI.

	SubVI is not executable

	SubVI is not executable

	You have connected two terminals of different types.

	Contains unwired or bad terminal

	Contains unwired or bad terminal

	Contains unwired or bad terminal

	Neither bundle nor unbundle of this LabVIEW class is allowed on this VI.

	You have connected two terminals of different types.

	You have connected two terminals of different types.

	SubVI is not executable

	Contains unwired or bad terminal

	Neither bundle nor unbundle of this LabVIEW class is allowed on this VI.

	You have connected two terminals of different types.

	SubVI is not executable

	Contains unwired or bad terminal

	Neither bundle nor unbundle of this LabVIEW class is allowed on this VI.

	You have connected two terminals of different types.

	Contains unwired or bad terminal

	Contains unwired or bad terminal

	Neither bundle nor unbundle of this LabVIEW class is allowed on this VI.

	You have connected two terminals of different types.

	SubVI is not executable

	Contains unwired or bad terminal

	Contains unwired or bad terminal

	Contains unwired or bad terminal

	Contains unwired or bad terminal

	You have connected two terminals of different types.

	You have connected two terminals of different types.

	Neither bundle nor unbundle of this LabVIEW class is allowed on this VI.

	SubVI is not executable

	You have connected two terminals of different types.

	Neither bundle nor unbundle of this LabVIEW class is allowed on this VI.

	Contains unwired or bad terminal

	SubVI is not executable

	Contains unwired or bad terminal

	Contains unwired or bad terminal

	Contains unwired or bad terminal

	SubVI is not executable

	Cluster is invalid or empty

	Contains unwired or bad terminal

	Neither bundle nor unbundle of this LabVIEW class is allowed on this VI.

	Neither bundle nor unbundle of this LabVIEW class is allowed on this VI.

	You have connected two terminals of different types.

	You have connected two terminals of different types.

	You have connected two terminals of different types.

	SubVI is not executable

	You have connected two terminals of different types.

	Neither bundle nor unbundle of this LabVIEW class is allowed on this VI.

	Contains unwired or bad terminal

	Contains unwired or bad terminal

	You have connected two terminals of different types.

	You have connected two terminals of different types.

	You have connected two terminals of different types.

	You have connected two terminals of different types.

	Neither bundle nor unbundle of this LabVIEW class is allowed on this VI.

	Shift register: Feedback Node: data type is undefined

	Contains unwired or bad terminal

	You have connected two terminals of different types.

	Neither bundle nor unbundle of this LabVIEW class is allowed on this VI.

	SubVI is not executable

- Output Sequencer.lvlib:Output Sequencer.lvclass:Show UI If Necessary.vi:
	Refers to a missing LabVIEW class

	Refers to a missing LabVIEW class

	SubVI is not executable

	Contains unwired or bad terminal

	Neither bundle nor unbundle of this LabVIEW class is allowed on this VI.

	You have connected two terminals of different types.

	Cannot save compiled code to previous versions

- Output Sequencer.lvlib:Output Sequencer.lvclass:Start Sequence.vi:
	Refers to a missing LabVIEW class

	Refers to a missing LabVIEW class

	Cluster is invalid or empty

	Contains unwired or bad terminal

	SubVI is not executable

	Neither bundle nor unbundle of this LabVIEW class is allowed on this VI.

	You have connected two terminals of different types.

- Output Sequencer.lvlib:Output Sequencer.lvclass:Stop Sequence.vi:
	Refers to a missing LabVIEW class

	Refers to a missing LabVIEW class

	You have connected two terminals of different types.

	Contains unwired or bad terminal

	Cluster is invalid or empty

	Contains unwired or bad terminal

	Neither bundle nor unbundle of this LabVIEW class is allowed on this VI.

	Cluster is invalid or empty

	Contains unwired or bad terminal

	You have connected two terminals of different types.

- Output Sequencer.lvlib:Output Sequencer.lvclass:Update Channels.vi:
	Refers to a missing LabVIEW class

	Refers to a missing LabVIEW class

	Refers to a missing LabVIEW class

	Contains unwired or bad terminal

	SubVI is not executable

	SubVI is not executable

	SubVI is not executable

	SubVI is not executable

	Type definition not found or contains errors

	Type definition not found or contains errors

	SubVI is missing

	SubVI is missing

	SubVI is missing

	Shift register: Feedback Node: data type is undefined

	Neither bundle nor unbundle of this LabVIEW class is allowed on this VI.

- Output Sequencer.lvlib:Output Sequencer.lvclass:Update Mapped Channels.vi:
	Refers to a missing LabVIEW class

	Refers to a missing LabVIEW class

	Contains unwired or bad terminal

	SubVI is not executable

	SubVI is not executable

	SubVI is missing

	SubVI is missing

	SubVI is not executable

	SubVI is missing

	SubVI is missing

	Neither bundle nor unbundle of this LabVIEW class is allowed on this VI.

	You have connected two terminals of different types.

	Cannot save compiled code to previous versions

- Output Sequencer.lvlib:Output Sequencer.lvclass:Update Previous Step 
Values.vi:
	Refers to a missing LabVIEW class

	Refers to a missing LabVIEW class

	Cluster is invalid or empty

	Contains unwired or bad terminal

	Cluster is invalid or empty

	Contains unwired or bad terminal

	Contains unwired or bad terminal

	SubVI is not executable

	You have connected two terminals of different types.

	You have connected two terminals of different types.

	You have connected two terminals of different types.

	You have connected two terminals of different types.

	N is not wired, and there are no indexing inputs.

	Contains unwired or bad terminal

	Cluster is invalid or empty

	Contains unwired or bad terminal

	Contains unwired or bad terminal

	Contains unwired or bad terminal

	Contains unwired or bad terminal

	Contains unwired or bad terminal

	SubVI is not executable

	You have connected two terminals of different types.

	You have connected two terminals of different types.

	You have connected two terminals of different types.

	You have connected two terminals of different types.

	N is not wired, and there are no indexing inputs.

	You have connected two terminals of different types.

	You have connected a scalar type to an array of that type.

	You have connected two terminals of different types.

	Neither bundle nor unbundle of this LabVIEW class is allowed on this VI.

	You have connected two terminals of different types.

- Output Sequencer.lvlib:Output Sequencer.lvclass:Update Sequencer State.vi:
	Refers to a missing LabVIEW class

	Refers to a missing LabVIEW class

	Cluster is invalid or empty

	Contains unwired or bad terminal

	You have connected two terminals of different types.

	Neither bundle nor unbundle of this LabVIEW class is allowed on this VI.

	SubVI is not executable

- Output Sequencer.lvlib:Output Sequencer.lvclass:Update Step Start 
Timestamp.vi:
	Refers to a missing LabVIEW class

	Refers to a missing LabVIEW class

	Cluster is invalid or empty

	Contains unwired or bad terminal

	Contains unwired or bad terminal

	You have connected two terminals of different types.

	Neither bundle nor unbundle of this LabVIEW class is allowed on this VI.

	You have connected two terminals of different types.

- Output Sequencer.lvlib:Output Sequencer.lvclass:Update Step State.vi:
	Refers to a missing LabVIEW class

	Refers to a missing LabVIEW class

	SubVI is not executable

	SubVI is not executable

	SubVI is not executable

	SubVI is not executable

	SubVI is not executable

	SubVI is not executable

	SubVI is not executable

	Contains unwired or bad terminal

	You have connected two terminals of different types.

	Neither bundle nor unbundle of this LabVIEW class is allowed on this VI.

- Output Sequencer.lvlib:Output Sequencer.lvclass:Update Step Time 
Remaining.vi:
	Refers to a missing LabVIEW class

	Refers to a missing LabVIEW class

	Cluster is invalid or empty

	Contains unwired or bad terminal

	SubVI is not executable

	Neither bundle nor unbundle of this LabVIEW class is allowed on this VI.

	You have connected two terminals of different types.

- Output Sequencer.lvlib:Output Sequencer.lvclass:Validate Step Action.vi:
	Refers to a missing LabVIEW class

	Refers to a missing LabVIEW class

	Contains unwired or bad terminal

	SubVI is not executable

	You have connected two terminals of different types.

	Contains unwired or bad terminal

	You have connected two terminals of different types.

	Neither bundle nor unbundle of this LabVIEW class is allowed on this VI.

	Contains unwired or bad terminal

	You have connected two terminals of different types.

	Neither bundle nor unbundle of this LabVIEW class is allowed on this VI.

	Cannot save compiled code to previous versions

- Output Sequencer.lvlib:Output Sequencer.lvclass:Write Outputs.vi:
	Refers to a missing LabVIEW class

	Refers to a missing LabVIEW class

	SubVI is not executable

	SubVI is missing

	SubVI is missing

	SubVI is missing

	SubVI is missing

	SubVI is not executable

- Output Sequencer.lvlib:Output Sequencer.lvclass:Write State.vi:
	Refers to a missing LabVIEW class

	Refers to a missing LabVIEW class

	Contains unwired or bad terminal

	Contains unwired or bad terminal

	You have connected two terminals of different types.

	SubVI is missing

	SubVI is missing

	Neither bundle nor unbundle of this LabVIEW class is allowed on this VI.

	You have connected two terminals of different types.

	Cannot save compiled code to previous versions

- Output Sequencer.lvlib:Settings UI.lvclass:Export Settings.vi:
	SubVI is missing

	Polymorphic terminal cannot accept this data type.

	Polymorphic terminal cannot accept this data type.

	Polymorphic terminal cannot accept this data type.

- Output Sequencer.lvlib:Settings UI.lvclass:Export 
Settings.vi:Instance:7bfdc0bf-7b93-47bb-8743-fa978eaef56a.vi:
	Refers to a missing LabVIEW class

	SubVI is missing

- Output Sequencer.lvlib:Settings UI.lvclass:Get Valid Channel Value String.vi:
	SubVI is not executable

	SubVI is not executable

	SubVI is not executable

	SubVI is not executable

	SubVI is not executable

	SubVI is not executable

	SubVI is not executable

	The wired class does not support a method of this VI's name.

	SubVI is missing

	Refers to a missing LabVIEW class

	The wired class does not support a method of this VI's name.

	SubVI is missing

	Class conflict

	Class conflict

	SubVI is not executable

	VI Library item not available

- Output Sequencer.lvlib:Settings UI.lvclass:Test Settings UI.vi:
	SubVI is not executable

	SubVI is not executable

	SubVI is not executable

	SubVI is missing

	Polymorphic terminal cannot accept this data type.

- Output Sequencer.lvlib:Settings UI.lvclass:Test Settings 
UI.vi:Instance:70c0feee-f92b-491b-951b-ba91555f4af3.vi:
	Refers to a missing LabVIEW class

	SubVI is missing

- Output Sequencer.lvlib:Settings UI.lvclass:Update Preview Graph.vi:
	SubVI is not executable

	SubVI is not executable

	SubVI is not executable

	SubVI is not executable

	Shift register: Feedback Node: data type is undefined

	SubVI is not executable

- Output Sequencer.lvlib:Settings UI.lvclass:Validate Condition.vi:
	SubVI is not executable

	SubVI is not executable

	The wired class does not support a method of this VI's name.

	SubVI is missing

	Refers to a missing LabVIEW class

	The wired class does not support a method of this VI's name.

	SubVI is missing

	SubVI is not executable

	SubVI is not executable

	Class conflict

	Class conflict











Click the link below to visit the Application Builder support page. Use the 
following information as a reference:



Error 1003 occurred at AB_Get_Detailed_BrokenVI_Message.vi -> 
AB_Targetfile.lvclass:Open_Top_Level_VIs.vi


Possible reason(s):


LabVIEW: (Hex 0x3EB) The VI is not executable. This error may occur because 
the VI is either broken or contains a subVI that LabVIEW cannot locate. Select 
File>>Open to open the VI and verify that you can run it.
An error occurred while running the ExecuteBuildSpec operation.

ExecuteBuildSpec operation failed.


=== ExecuteBuildSpec 'Power Spectrum Density Packed Library' [Packed Library] target 'My Computer' in PDK plugins\Power Spectrum Density\source\Power Spectrum Density.lvproj ===
LabVIEWCLI started logging in file:  C:\Users\ContainerAdministrator\AppData\Local\Temp\lvtemporary_533446.log
Using LabVIEW: "C:\Program Files\National Instruments\LabVIEW 2026\LabVIEW.exe"
Connection established with LabVIEW at port number 3363.

LabVIEWCLI.exe : Operation output: 
At C:\workspace\.github\labview\build-binaries.ps1:252 char:12
+     $out = & $CliExe @cliArgs 2>&1 | Out-String
+            ~~~~~~~~~~~~~~~~~~~~~~~
    + CategoryInfo          : NotSpecified: (Operation output: :String) [], Re 
   moteException
    + FullyQualifiedErrorId : NativeCommandError
 
Error Code : 1
Error Message : Cannot complete build because following VI loaded broken:

C:\workspace\PDK plugins\Power Spectrum Density\source\Buffer Manager.vi

Open the VI in LabVIEW and fix the listed errors. If the VI loads as expected 
but errors are still detected during the build, contact National Instruments 
technical support for assistance.

Broken VIs:
- Power Spectrum Density.lvlib:Power Spectrum Density.lvclass:Buffer 
Manager.vi:
	Refers to a missing LabVIEW class

	Refers to a missing LabVIEW class

	Contains unwired or bad terminal

	Invalid property

	Invalid property

	You have connected two terminals of different types.

- Power Spectrum Density.lvlib:Power Spectrum Density.lvclass:Cleanup 
Session.vi:
	Refers to a missing LabVIEW class

	Refers to a missing LabVIEW class

	One or more of the set of VIs that this dynamic dispatch subVI or property 
item may call are broken.

	Cluster is invalid or empty

	Contains unwired or bad terminal

	Contains unwired or bad terminal

	You have connected two terminals of different types.

	You have connected two terminals of different types.

	You have connected two terminals of different types.

	Contains unwired or bad terminal

	Run-time type not propagated from dynamic input to dynamic output

	Neither bundle nor unbundle of this LabVIEW class is allowed on this VI.

	Class conflict

	Wired refnums are of different types.

- Power Spectrum Density.lvlib:Power Spectrum Density.lvclass:Configure 
Session.vi:
	Refers to a missing LabVIEW class

	Refers to a missing LabVIEW class

	SubVI is not executable

	SubVI is missing

	SubVI is missing

	One or more of the set of VIs that this dynamic dispatch subVI or property 
item may call are broken.

	Type definition not found or contains errors

	SubVI is missing

	Type definition not found or contains errors

	Type definition not found or contains errors

	Type definition not found or contains errors

	SubVI is missing

	SubVI is not executable

	SubVI is not executable

	SubVI is not executable

	SubVI is not executable

	SubVI is not executable

	SubVI is missing

	SubVI is missing

	SubVI is not executable

	SubVI is not executable

	SubVI is not executable

	SubVI is missing

	SubVI is missing

	SubVI is not executable

	SubVI is missing

	SubVI is missing

	SubVI is not executable

	SubVI is not executable

	SubVI is not executable

	SubVI is missing

	SubVI is missing

	SubVI is not executable

	SubVI is not executable

	SubVI is not executable

	Cluster is invalid or empty

	Contains unwired or bad terminal

	SubVI is missing

	SubVI is missing

	SubVI is missing

	SubVI is missing

	SubVI is missing

	SubVI is missing

	Run-time type not propagated from dynamic input to dynamic output

	Neither bundle nor unbundle of this LabVIEW class is allowed on this VI.

	Class conflict

	You have connected two terminals of different types.

- Power Spectrum Density.lvlib:Power Spectrum Density.lvclass:Finalize.vi:
	Refers to a missing LabVIEW class

	Refers to a missing LabVIEW class

- Power Spectrum Density.lvlib:Power Spectrum Density.lvclass:Handle 
Notification.vi:
	Refers to a missing LabVIEW class

	Refers to a missing LabVIEW class

	Cluster is invalid or empty

	Contains unwired or bad terminal

	Contains unwired or bad terminal

	Cluster is invalid or empty

	Contains unwired or bad terminal

	Contains unwired or bad terminal

	You have connected two terminals of different types.

	You have connected two terminals of different types.

	You have connected two terminals of different types.

	You have connected two terminals of different types.

	Run-time type not propagated from dynamic input to dynamic output

	You have connected two terminals of different types.

	Neither bundle nor unbundle of this LabVIEW class is allowed on this VI.

	Wired refnums are of different types.

- Power Spectrum Density.lvlib:Power Spectrum Density.lvclass:Initialize.vi:
	Refers to a missing LabVIEW class

	Refers to a missing LabVIEW class

	SubVI is not executable

	SubVI is missing

	SubVI is missing

	SubVI is not executable

	SubVI is not executable

	SubVI is not executable

	SubVI is missing

	SubVI is missing

	SubVI is not executable

	SubVI is not executable

	SubVI is missing

	SubVI is missing

	SubVI is not executable

	SubVI is not executable

	SubVI is missing

	SubVI is missing

	SubVI is not executable

	SubVI is not executable

	SubVI is not executable

	SubVI is missing

	SubVI is missing

	SubVI is not executable

	SubVI is not executable

	SubVI is missing

	SubVI is missing

	SubVI is missing

	SubVI is missing

	SubVI is missing

	SubVI is missing

	SubVI is missing

	SubVI is missing

	SubVI is missing

	SubVI is missing

	SubVI is not executable

	SubVI is missing

	Run-time type not propagated from dynamic input to dynamic output

	Class conflict

- Power Spectrum Density.lvlib:Power Spectrum Density.lvclass:Process.vi:
	Refers to a missing LabVIEW class

	Refers to a missing LabVIEW class

	SubVI is missing

	You have connected two terminals of different types.

	Cluster is invalid or empty

	Contains unwired or bad terminal

	Contains unwired or bad terminal

	Contains unwired or bad terminal

	Contains unwired or bad terminal

	One or more of the set of VIs that this dynamic dispatch subVI or property 
item may call are broken.

	One or more of the set of VIs that this dynamic dispatch subVI or property 
item may call are broken.

	SubVI is not executable

	SubVI is not executable

	Contains unwired or bad terminal

	You have connected two terminals of different types.

	You have connected two terminals of different types.

	You have connected two terminals of different types.

	Class conflict

	Class conflict

	You have connected two terminals of different types.

	Neither bundle nor unbundle of this LabVIEW class is allowed on this VI.

	Wired refnums are of different types.

	You have connected two terminals of different types.

	One or more of the inputs to this tunnel or shift register does not originate 
at the dynamic input front panel terminal











Click the link below to visit the Application Builder support page. Use the 
following information as a reference:



Error 1003 occurred at AB_Get_Detailed_BrokenVI_Message.vi -> 
AB_Targetfile.lvclass:Open_Top_Level_VIs.vi


Possible reason(s):


LabVIEW: (Hex 0x3EB) The VI is not executable. This error may occur because 
the VI is either broken or contains a subVI that LabVIEW cannot locate. Select 
File>>Open to open the VI and verify that you can run it.
An error occurred while running the ExecuteBuildSpec operation.

ExecuteBuildSpec operation failed.


=== ExecuteBuildSpec 'Sequencer with Output Values Packed Library' [Packed Library] target 'My Computer' in PDK plugins\Sequencer with Output Values - Deprecated\source\Sequencer with Output Values\Sequencer with Output Values.lvproj ===
LabVIEWCLI started logging in file:  C:\Users\ContainerAdministrator\AppData\Local\Temp\lvtemporary_442520.log
Using LabVIEW: "C:\Program Files\National Instruments\LabVIEW 2026\LabVIEW.exe"
Connection established with LabVIEW at port number 3363.

LabVIEWCLI.exe : Operation output: 
At C:\workspace\.github\labview\build-binaries.ps1:252 char:12
+     $out = & $CliExe @cliArgs 2>&1 | Out-String
+            ~~~~~~~~~~~~~~~~~~~~~~~
    + CategoryInfo          : NotSpecified: (Operation output: :String) [], Re 
   moteException
    + FullyQualifiedErrorId : NativeCommandError
 
Error Code : 1
Error Message : Cannot complete build because following VI loaded broken:

C:\workspace\PDK plugins\Sequencer with Output Values - 
Deprecated\source\Sequencer with Output Values\Initialize.vi

Open the VI in LabVIEW and fix the listed errors. If the VI loads as expected 
but errors are still detected during the build, contact National Instruments 
technical support for assistance.

Broken VIs:
- Sequencer with Output Values.lvlib:Sequencer with Output 
Values.lvclass:Cleanup Channels.vi:
	Refers to a missing LabVIEW class

	Refers to a missing LabVIEW class

	SubVI is not executable

	Type definition not found or contains errors

	Type definition not found or contains errors

	Type definition not found or contains errors

	SubVI is not executable

	SubVI is not executable

	SubVI is not executable

	Type definition not found or contains errors

	Type definition not found or contains errors

	SubVI is not executable

	SubVI is not executable

	Contains unwired or bad terminal

	Contains unwired or bad terminal

	Neither bundle nor unbundle of this LabVIEW class is allowed on this VI.

	You have connected two terminals of different types.

	You have connected two terminals of different types.

	Wired refnums are of different types.

	You have connected two terminals of different types.

	The wired class does not support a method of this VI's name.

	SubVI is missing

	Contains unwired or bad terminal

	You have connected two terminals of different types.

	Contains unwired or bad terminal

	Invalid property

	Invalid refnum class

	You have connected two terminals of different types.

	You have connected two terminals of different types.

	N is not wired, and there are no indexing inputs.

	Contains unwired or bad terminal

	Invalid property

	Invalid property

	You have connected two terminals of different types.

	Wired refnums are of different types.

	Class conflict

	You have connected two terminals of different types.

	You have connected two terminals of different types.

	Cannot save compiled code to previous versions

- Sequencer with Output Values.lvlib:Sequencer with Output 
Values.lvclass:Cleanup Session.vi:
	Refers to a missing LabVIEW class

	Refers to a missing LabVIEW class

	Cannot save compiled code to previous versions

- Sequencer with Output Values.lvlib:Sequencer with Output 
Values.lvclass:Configure Session.vi:
	Refers to a missing LabVIEW class

	Refers to a missing LabVIEW class

	Contains unwired or bad terminal

	You have connected two terminals of different types.

	Class conflict

	Contains unwired or bad terminal

	Invalid property

	Invalid property

	Contains unwired or bad terminal

	The wired class does not support a method of this VI's name.

	SubVI is missing

	SubVI is not executable

	SubVI is not executable

	SubVI is missing

	The wired class does not support a method of this VI's name.

	SubVI is missing

	Contains unwired or bad terminal

	SubVI is not executable

	SubVI is not executable

	SubVI is not executable

	SubVI is missing

	SubVI is missing

	SubVI is missing

	Run-time type not propagated from dynamic input to dynamic output

	Contains unwired or bad terminal

	You have connected two terminals of different types.

	You have connected two terminals of different types.

	You have connected two terminals of different types.

	You have connected two terminals of different types.

	Neither bundle nor unbundle of this LabVIEW class is allowed on this VI.

	Class conflict

	Wired refnums are of different types.

	Class conflict

	Class conflict

	Class conflict

	Cannot save compiled code to previous versions

- Sequencer with Output Values.lvlib:Sequencer with Output 
Values.lvclass:Finalize.vi:
	Refers to a missing LabVIEW class

	Refers to a missing LabVIEW class

	Contains unwired or bad terminal

	Invalid property

	Invalid property

	SubVI is not executable

	Contains unwired or bad terminal

	You have connected two terminals of different types.

	Neither bundle nor unbundle of this LabVIEW class is allowed on this VI.

	You have connected two terminals of different types.

	You have connected two terminals of different types.

	Cannot save compiled code to previous versions

- Sequencer with Output Values.lvlib:Sequencer with Output Values.lvclass:Get 
Channel Name Append String.vi:
	This VI claims to be part of a library, but that library does not claim to 
own this VI.

	Refers to a missing LabVIEW class

	Refers to a missing LabVIEW class

	SubVI is not executable

	Contains unwired or bad terminal

	Invalid property

	Invalid refnum class

	Invalid property

	You have connected two terminals of different types.

	You have connected two terminals of different types.

	N is not wired, and there are no indexing inputs.

	Contains unwired or bad terminal

	Invalid property

	Invalid property

- Sequencer with Output Values.lvlib:Sequencer with Output 
Values.lvclass:Handle Notification.vi:
	Refers to a missing LabVIEW class

	Refers to a missing LabVIEW class

	Cluster is invalid or empty

	Contains unwired or bad terminal

	You have connected two terminals of different types.

	You have connected two terminals of different types.

	SubVI is not executable

	Contains unwired or bad terminal

	Cluster is invalid or empty

	Contains unwired or bad terminal

	Contains unwired or bad terminal

	Cluster is invalid or empty

	Contains unwired or bad terminal

	You have connected two terminals of different types.

	Contains unwired or bad terminal

	You have connected two terminals of different types.

	You have connected two terminals of different types.

	You have connected two terminals of different types.

	You have connected two terminals of different types.

	SubVI is not executable

	Cluster is invalid or empty

	Contains unwired or bad terminal

	Contains unwired or bad terminal

	Cluster is invalid or empty

	Contains unwired or bad terminal

	You have connected two terminals of different types.

	You have connected two terminals of different types.

	You have connected two terminals of different types.

	Cluster is invalid or empty

	Contains unwired or bad terminal

	You have connected two terminals of different types.

	You have connected two terminals of different types.

	Contains unwired or bad terminal

	You have connected two terminals of different types.

	You have connected two terminals of different types.

	Cluster is invalid or empty

	Contains unwired or bad terminal

	Contains unwired or bad terminal

	Contains unwired or bad terminal

	Contains unwired or bad terminal

	Cluster is invalid or empty

	Contains unwired or bad terminal

	You have connected two terminals of different types.

	You have connected two terminals of different types.

	You have connected two terminals of different types.

	You have connected two terminals of different types.

	You have connected two terminals of different types.

	Contains unwired or bad terminal

	Run-time type not propagated from dynamic input to dynamic output

	Wired refnums are of different types.

	Neither bundle nor unbundle of this LabVIEW class is allowed on this VI.

- Sequencer with Output Values.lvlib:Sequencer with Output 
Values.lvclass:Initialize.vi:
	Refers to a missing LabVIEW class

	Refers to a missing LabVIEW class

	SubVI is not executable

	SubVI is missing

	Contains unwired or bad terminal

	Cluster is invalid or empty

	Contains unwired or bad terminal

	SubVI is missing

	SubVI is missing

	SubVI is missing

	SubVI is missing

	SubVI is missing

	SubVI is missing

	SubVI is not executable

	SubVI is not executable

	SubVI is not executable

	SubVI is not executable

	SubVI is not executable

	SubVI is not executable

	SubVI is not executable

	SubVI is missing

	SubVI is missing

	SubVI is missing

	SubVI is missing

	SubVI is not executable

	SubVI is not executable

	SubVI is missing

	SubVI is missing

	SubVI is missing

	SubVI is missing

	Type definition not found or contains errors

	Type definition not found or contains errors

	Type definition not found or contains errors

	Run-time type not propagated from dynamic input to dynamic output

	Class conflict

	You have connected two terminals of different types.

	Neither bundle nor unbundle of this LabVIEW class is allowed on this VI.

	Class conflict

	Cannot save compiled code to previous versions

- Sequencer with Output Values.lvlib:Sequencer with Output 
Values.lvclass:Process Helper.vi:
	Refers to a missing LabVIEW class

	Refers to a missing LabVIEW class

	SubVI is not executable

	SubVI is not executable

	SubVI is not executable

	You have connected two terminals of different types.

	You have connected two terminals of different types.

	You have connected two terminals of different types.

	You have connected two terminals of different types.

	Contains unwired or bad terminal

	Contains unwired or bad terminal

	Invalid property

	Invalid property

	Wired refnums are of different types.

	Neither bundle nor unbundle of this LabVIEW class is allowed on this VI.

- Sequencer with Output Values.lvlib:Sequencer with Output 
Values.lvclass:Process.vi:
	Refers to a missing LabVIEW class

	Refers to a missing LabVIEW class

	SubVI is not executable

	SubVI is missing

	SubVI is not executable

	SubVI is missing

	SubVI is missing

	SubVI is missing

	SubVI is missing

	SubVI is missing

	SubVI is missing

	Cannot save compiled code to previous versions

- Sequencer with Output Values.lvlib:Sequencer with Output 
Values.lvclass:Update Channels.vi:
	Refers to a missing LabVIEW class

	Refers to a missing LabVIEW class

	Refers to a missing LabVIEW class

	SubVI is not executable

	SubVI is not executable

	SubVI is not executable

	Type definition not found or contains errors

	The wired class does not support a method of this VI's name.

	SubVI is missing

	Class conflict

	SubVI is missing

	SubVI is missing

	SubVI is missing











Click the link below to visit the Application Builder support page. Use the 
following information as a reference:



Error 1003 occurred at AB_Get_Detailed_BrokenVI_Message.vi -> 
AB_Targetfile.lvclass:Open_Top_Level_VIs.vi


Possible reason(s):


LabVIEW: (Hex 0x3EB) The VI is not executable. This error may occur because 
the VI is either broken or contains a subVI that LabVIEW cannot locate. Select 
File>>Open to open the VI and verify that you can run it.
An error occurred while running the ExecuteBuildSpec operation.

ExecuteBuildSpec operation failed.


=== ExecuteBuildSpec 'Spectrogram Packed Library' [Packed Library] target 'My Computer' in PDK plugins\Spectrogram\source\Spectrogram.lvproj ===
LabVIEWCLI started logging in file:  C:\Users\ContainerAdministrator\AppData\Local\Temp\lvtemporary_128848.log
Using LabVIEW: "C:\Program Files\National Instruments\LabVIEW 2026\LabVIEW.exe"
Connection established with LabVIEW at port number 3363.

LabVIEWCLI.exe : Operation output: 
At C:\workspace\.github\labview\build-binaries.ps1:252 char:12
+     $out = & $CliExe @cliArgs 2>&1 | Out-String
+            ~~~~~~~~~~~~~~~~~~~~~~~
    + CategoryInfo          : NotSpecified: (Operation output: :String) [], Re 
   moteException
    + FullyQualifiedErrorId : NativeCommandError
 
Error Code : 1
Error Message : Cannot complete build because following VI loaded broken:

C:\workspace\PDK plugins\Spectrogram\source\Initialize.vi

Open the VI in LabVIEW and fix the listed errors. If the VI loads as expected 
but errors are still detected during the build, contact National Instruments 
technical support for assistance.

Broken VIs:
- Spectrogram.lvlib:Spectrogram.lvclass:Cleanup Session.vi:
	Refers to a missing LabVIEW class

	Refers to a missing LabVIEW class

	Cluster is invalid or empty

	Contains unwired or bad terminal

	Contains unwired or bad terminal

	You have connected two terminals of different types.

	You have connected two terminals of different types.

	You have connected two terminals of different types.

	Contains unwired or bad terminal

	Run-time type not propagated from dynamic input to dynamic output

	Neither bundle nor unbundle of this LabVIEW class is allowed on this VI.

	Wired refnums are of different types.

- Spectrogram.lvlib:Spectrogram.lvclass:Configure Session.vi:
	Refers to a missing LabVIEW class

	Refers to a missing LabVIEW class

	Cluster is invalid or empty

	Contains unwired or bad terminal

	SubVI is not executable

	SubVI is not executable

	SubVI is not executable

	SubVI is missing

	SubVI is missing

	SubVI is not executable

	SubVI is missing

	SubVI is missing

	SubVI is not executable

	SubVI is not executable

	SubVI is not executable

	SubVI is not executable

	SubVI is not executable

	SubVI is not executable

	SubVI is not executable

	SubVI is not executable

	SubVI is missing

	SubVI is missing

	SubVI is missing

	SubVI is missing

	SubVI is missing

	SubVI is missing

	SubVI is missing

	SubVI is missing

	Run-time type not propagated from dynamic input to dynamic output

	You have connected two terminals of different types.

	Neither bundle nor unbundle of this LabVIEW class is allowed on this VI.

- Spectrogram.lvlib:Spectrogram.lvclass:Finalize.vi:
	Refers to a missing LabVIEW class

	Refers to a missing LabVIEW class

- Spectrogram.lvlib:Spectrogram.lvclass:Handle Notification.vi:
	Refers to a missing LabVIEW class

	Refers to a missing LabVIEW class

	Cluster is invalid or empty

	Contains unwired or bad terminal

	Contains unwired or bad terminal

	Cluster is invalid or empty

	Contains unwired or bad terminal

	Contains unwired or bad terminal

	You have connected two terminals of different types.

	You have connected two terminals of different types.

	You have connected two terminals of different types.

	You have connected two terminals of different types.

	Run-time type not propagated from dynamic input to dynamic output

	You have connected two terminals of different types.

	Neither bundle nor unbundle of this LabVIEW class is allowed on this VI.

	Wired refnums are of different types.

- Spectrogram.lvlib:Spectrogram.lvclass:Initialize.vi:
	Refers to a missing LabVIEW class

	Refers to a missing LabVIEW class

	SubVI is not executable

	SubVI is not executable

	SubVI is missing

	SubVI is missing

	SubVI is not executable

	SubVI is not executable

	SubVI is not executable

	SubVI is not executable

	SubVI is not executable

	SubVI is not executable

	SubVI is not executable

	SubVI is not executable

	SubVI is not executable

	SubVI is missing

	SubVI is missing

	SubVI is missing

	SubVI is missing

	SubVI is missing

	SubVI is missing

	SubVI is missing

	SubVI is missing

	SubVI is missing

	SubVI is missing

	SubVI is missing

	SubVI is missing

	SubVI is missing

	SubVI is missing

	SubVI is missing

	Run-time type not propagated from dynamic input to dynamic output

	Class conflict

- Spectrogram.lvlib:Spectrogram.lvclass:Process.vi:
	Refers to a missing LabVIEW class

	Refers to a missing LabVIEW class

	SubVI is missing

	You have connected two terminals of different types.

	Cluster is invalid or empty

	Contains unwired or bad terminal

	Contains unwired or bad terminal

	Contains unwired or bad terminal

	SubVI is not executable

	SubVI is not executable

	Contains unwired or bad terminal

	You have connected two terminals of different types.

	You have connected two terminals of different types.

	You have connected two terminals of different types.

	Neither bundle nor unbundle of this LabVIEW class is allowed on this VI.

	Wired refnums are of different types.

	You have connected two terminals of different types.

	One or more of the inputs to this tunnel or shift register does not originate 
at the dynamic input front panel terminal

- Spectrogram.lvlib:Spectrogram.lvclass:Spectrogram.vi:
	SubVI is missing

	SubVI is missing

	SubVI is missing

	SubVI is missing

	SubVI is missing

	SubVI is missing

	SubVI is missing

	SubVI is missing

	SubVI is missing

	SubVI is missing

	SubVI is missing

	SubVI is missing

	SubVI is missing

	SubVI is missing











Click the link below to visit the Application Builder support page. Use the 
following information as a reference:



Error 1003 occurred at AB_Get_Detailed_BrokenVI_Message.vi -> 
AB_Targetfile.lvclass:Open_Top_Level_VIs.vi


Possible reason(s):


LabVIEW: (Hex 0x3EB) The VI is not executable. This error may occur because 
the VI is either broken or contains a subVI that LabVIEW cannot locate. Select 
File>>Open to open the VI and verify that you can run it.
An error occurred while running the ExecuteBuildSpec operation.

ExecuteBuildSpec operation failed.


=== ExecuteBuildSpec 'StreamReader Packed Library' [Packed Library] target 'My Computer' in PDK plugins\StreamReader\source\StreamReader\StreamReader.lvproj ===
LabVIEWCLI started logging in file:  C:\Users\ContainerAdministrator\AppData\Local\Temp\lvtemporary_822746.log
Using LabVIEW: "C:\Program Files\National Instruments\LabVIEW 2026\LabVIEW.exe"
Connection established with LabVIEW at port number 3363.

LabVIEWCLI.exe : Operation output: 
At C:\workspace\.github\labview\build-binaries.ps1:252 char:12
+     $out = & $CliExe @cliArgs 2>&1 | Out-String
+            ~~~~~~~~~~~~~~~~~~~~~~~
    + CategoryInfo          : NotSpecified: (Operation output: :String) [], Re 
   moteException
    + FullyQualifiedErrorId : NativeCommandError
 
Error Code : 1
Error Message : Cannot complete build because following VI loaded broken:

C:\workspace\PDK plugins\StreamReader\source\StreamReader\Initialize.vi

Open the VI in LabVIEW and fix the listed errors. If the VI loads as expected 
but errors are still detected during the build, contact National Instruments 
technical support for assistance.

Broken VIs:
- StreamReader.lvlib:StreamReader.lvclass:Cleanup Session.vi:
	Refers to a missing LabVIEW class

	Refers to a missing LabVIEW class

	SubVI is not executable

	Contains unwired or bad terminal

	SubVI is not executable

	The wired class does not support a method of this VI's name.

	SubVI is missing

	Class conflict

	Cluster is invalid or empty

	Contains unwired or bad terminal

	Contains unwired or bad terminal

	Cluster is invalid or empty

	Contains unwired or bad terminal

	Contains unwired or bad terminal

	Contains unwired or bad terminal

	You have connected two terminals of different types.

	You have connected two terminals of different types.

	Polymorphic terminal cannot accept this data type.

	Run-time type not propagated from dynamic input to dynamic output

	Neither bundle nor unbundle of this LabVIEW class is allowed on this VI.

	You have connected a scalar type to an array of that type.

	Neither bundle nor unbundle of this LabVIEW class is allowed on this VI.

	You have connected two terminals of different types.

	Wired refnums are of different types.

	Cannot save compiled code to previous versions

- StreamReader.lvlib:StreamReader.lvclass:Configure Session.vi:
	Refers to a missing LabVIEW class

	Refers to a missing LabVIEW class

	Contains unwired or bad terminal

	One or more of the set of VIs that this dynamic dispatch subVI or property 
item may call are broken.

	Cluster is invalid or empty

	Contains unwired or bad terminal

	You have connected two terminals of different types.

	You have connected two terminals of different types.

	You have connected two clusters with different contents.

	Class conflict

	SubVI is not executable

	SubVI is missing

	SubVI is missing

	Cluster is invalid or empty

	Contains unwired or bad terminal

	SubVI is not executable

	SubVI is not executable

	SubVI is missing

	SubVI is missing

	SubVI is missing

	SubVI is missing

	Run-time type not propagated from dynamic input to dynamic output

	Wired refnums are of different types.

	Neither bundle nor unbundle of this LabVIEW class is allowed on this VI.

	Neither bundle nor unbundle of this LabVIEW class is allowed on this VI.

	You have connected two terminals of different types.

	Cannot save compiled code to previous versions

- StreamReader.lvlib:StreamReader.lvclass:Finalize.vi:
	Refers to a missing LabVIEW class

	Refers to a missing LabVIEW class

	Contains unwired or bad terminal

	You have connected two terminals of different types.

	Neither bundle nor unbundle of this LabVIEW class is allowed on this VI.

	Cannot save compiled code to previous versions

- StreamReader.lvlib:StreamReader.lvclass:Get Valid Channels to Update.vi:
	Refers to a missing LabVIEW class

	You have connected two terminals of different types.

	Contains unwired or bad terminal

	Invalid property

	Invalid refnum class

	You have connected two terminals of different types.

	N is not wired, and there are no indexing inputs.

	Contains unwired or bad terminal

	Invalid property

	Invalid property

	Invalid property

	Contains unwired or bad terminal

	Contains unwired or bad terminal

	Invalid property

	Invalid refnum class

	You have connected two terminals of different types.

	N is not wired, and there are no indexing inputs.

	Wired refnums are of different types.

- StreamReader.lvlib:StreamReader.lvclass:Handle Processing Error.vi:
	Refers to a missing LabVIEW class

	Refers to a missing LabVIEW class

	Type definition not found or contains errors

	Type definition not found or contains errors

- StreamReader.lvlib:StreamReader.lvclass:Initialize.vi:
	Refers to a missing LabVIEW class

	Refers to a missing LabVIEW class

	Type definition not found or contains errors

	Type definition not found or contains errors

	Type definition not found or contains errors

	SubVI is missing

	Cluster is invalid or empty

	Contains unwired or bad terminal

	SubVI is not executable

	SubVI is missing

	SubVI is missing

	SubVI is not executable

	SubVI is not executable

	SubVI is missing

	SubVI is missing

	SubVI is missing

	SubVI is missing

	SubVI is missing

	Run-time type not propagated from dynamic input to dynamic output

	You have connected two terminals of different types.

	Neither bundle nor unbundle of this LabVIEW class is allowed on this VI.

	Class conflict

	Cannot save compiled code to previous versions

- StreamReader.lvlib:StreamReader.lvclass:Process.vi:
	Refers to a missing LabVIEW class

	Refers to a missing LabVIEW class

	Contains unwired or bad terminal

	One or more of the set of VIs that this dynamic dispatch subVI or property 
item may call are broken.

	You have connected two terminals of different types.

	You have connected two terminals of different types.

	Class conflict

	SubVI is missing

	SubVI is missing

	Neither bundle nor unbundle of this LabVIEW class is allowed on this VI.

	Wired refnums are of different types.

	One or more of the inputs to this tunnel or shift register does not originate 
at the dynamic input front panel terminal

	Cannot save compiled code to previous versions

- StreamReader.lvlib:StreamReader.lvclass:Read Stream and Create Channels.vi:
	Refers to a missing LabVIEW class

	Refers to a missing LabVIEW class

	SubVI is not executable

	SubVI is not executable

	The wired class does not support a method of this VI's name.

	SubVI is missing

	Class conflict

	SubVI is not executable

	The wired class does not support a method of this VI's name.

	SubVI is missing

	SubVI is missing

	SubVI is missing

	SubVI is missing

	SubVI is missing

	Shift register: Feedback Node: data type is undefined

	Class conflict

	Class conflict











Click the link below to visit the Application Builder support page. Use the 
following information as a reference:



Error 1003 occurred at AB_Get_Detailed_BrokenVI_Message.vi -> 
AB_Targetfile.lvclass:Open_Top_Level_VIs.vi


Possible reason(s):


LabVIEW: (Hex 0x3EB) The VI is not executable. This error may occur because 
the VI is either broken or contains a subVI that LabVIEW cannot locate. Select 
File>>Open to open the VI and verify that you can run it.
An error occurred while running the ExecuteBuildSpec operation.

ExecuteBuildSpec operation failed.


=== ExecuteBuildSpec 'StreamWriter Packed Library' [Packed Library] target 'My Computer' in PDK plugins\StreamWriter\source\StreamWriter\StreamWriter.lvproj ===
LabVIEWCLI started logging in file:  C:\Users\ContainerAdministrator\AppData\Local\Temp\lvtemporary_876717.log
Using LabVIEW: "C:\Program Files\National Instruments\LabVIEW 2026\LabVIEW.exe"
Connection established with LabVIEW at port number 3363.

LabVIEWCLI.exe : Operation output: 
At C:\workspace\.github\labview\build-binaries.ps1:252 char:12
+     $out = & $CliExe @cliArgs 2>&1 | Out-String
+            ~~~~~~~~~~~~~~~~~~~~~~~
    + CategoryInfo          : NotSpecified: (Operation output: :String) [], Re 
   moteException
    + FullyQualifiedErrorId : NativeCommandError
 
Error Code : 1
Error Message : Cannot complete build because following VI loaded broken:

C:\workspace\PDK plugins\StreamWriter\source\StreamWriter\Initialize.vi

Open the VI in LabVIEW and fix the listed errors. If the VI loads as expected 
but errors are still detected during the build, contact National Instruments 
technical support for assistance.

Broken VIs:
- StreamWriter.lvlib:StreamWriter.lvclass:Cleanup Session.vi:
	Refers to a missing LabVIEW class

	Refers to a missing LabVIEW class

	SubVI is not executable

	Cluster is invalid or empty

	Contains unwired or bad terminal

	Contains unwired or bad terminal

	Contains unwired or bad terminal

	You have connected two terminals of different types.

	You have connected two terminals of different types.

	You have connected two terminals of different types.

	Cluster is invalid or empty

	Contains unwired or bad terminal

	Contains unwired or bad terminal

	Run-time type not propagated from dynamic input to dynamic output

	You have connected two terminals of different types.

	Neither bundle nor unbundle of this LabVIEW class is allowed on this VI.

	Wired refnums are of different types.

	Cannot save compiled code to previous versions

- StreamWriter.lvlib:StreamWriter.lvclass:Configure Session.vi:
	Refers to a missing LabVIEW class

	Refers to a missing LabVIEW class

	SubVI is not executable

	SubVI is missing

	SubVI is missing

	Cluster is invalid or empty

	Contains unwired or bad terminal

	SubVI is not executable

	SubVI is missing

	SubVI is missing

	Run-time type not propagated from dynamic input to dynamic output

	You have connected two terminals of different types.

	Neither bundle nor unbundle of this LabVIEW class is allowed on this VI.

	Cannot save compiled code to previous versions

- StreamWriter.lvlib:StreamWriter.lvclass:Finalize.vi:
	Refers to a missing LabVIEW class

	Refers to a missing LabVIEW class

	Cannot save compiled code to previous versions

- StreamWriter.lvlib:StreamWriter.lvclass:Get Valid Channels to Write.vi:
	Refers to a missing LabVIEW class

	Refers to a missing LabVIEW class

	Contains unwired or bad terminal

	Contains unwired or bad terminal

	Invalid property

	Invalid property

	You have connected a scalar type to an array of that type.

- StreamWriter.lvlib:StreamWriter.lvclass:Handle Processing Error.vi:
	Refers to a missing LabVIEW class

	Refers to a missing LabVIEW class

	Type definition not found or contains errors

	Type definition not found or contains errors

- StreamWriter.lvlib:StreamWriter.lvclass:Initialize.vi:
	Refers to a missing LabVIEW class

	Refers to a missing LabVIEW class

	SubVI is not executable

	SubVI is missing

	SubVI is missing

	SubVI is not executable

	SubVI is not executable

	SubVI is missing

	SubVI is missing

	Type definition not found or contains errors

	Type definition not found or contains errors

	Type definition not found or contains errors

	SubVI is missing

	SubVI is missing

	SubVI is missing

	SubVI is missing

	Run-time type not propagated from dynamic input to dynamic output

	Class conflict

	Cannot save compiled code to previous versions

- StreamWriter.lvlib:StreamWriter.lvclass:Process.vi:
	Refers to a missing LabVIEW class

	Refers to a missing LabVIEW class

	SubVI is not executable

	SubVI is missing

	You have connected two terminals of different types.

	Cluster is invalid or empty

	Contains unwired or bad terminal

	Cluster is invalid or empty

	Contains unwired or bad terminal

	SubVI is not executable

	Contains unwired or bad terminal

	Cluster is invalid or empty

	Contains unwired or bad terminal

	You have connected two terminals of different types.

	You have connected two terminals of different types.

	You have connected two terminals of different types.

	You have connected two terminals of different types.

	You have connected two terminals of different types.

	You have connected two terminals of different types.

	Contains unwired or bad terminal

	Neither bundle nor unbundle of this LabVIEW class is allowed on this VI.

	Neither bundle nor unbundle of this LabVIEW class is allowed on this VI.

	Wired refnums are of different types.

	You have connected two terminals of different types.

	One or more of the inputs to this tunnel or shift register does not originate 
at the dynamic input front panel terminal

	Cannot save compiled code to previous versions











Click the link below to visit the Application Builder support page. Use the 
following information as a reference:



Error 1003 occurred at AB_Get_Detailed_BrokenVI_Message.vi -> 
AB_Targetfile.lvclass:Open_Top_Level_VIs.vi


Possible reason(s):


LabVIEW: (Hex 0x3EB) The VI is not executable. This error may occur because 
the VI is either broken or contains a subVI that LabVIEW cannot locate. Select 
File>>Open to open the VI and verify that you can run it.
An error occurred while running the ExecuteBuildSpec operation.

ExecuteBuildSpec operation failed.


=== ExecuteBuildSpec 'Tone Measurements Packed Library' [Packed Library] target 'My Computer' in PDK plugins\Tone Measurements\source\Tone Measurements.lvproj ===
LabVIEWCLI started logging in file:  C:\Users\ContainerAdministrator\AppData\Local\Temp\lvtemporary_947830.log
Using LabVIEW: "C:\Program Files\National Instruments\LabVIEW 2026\LabVIEW.exe"
Connection established with LabVIEW at port number 3363.

LabVIEWCLI.exe : Operation output: 
At C:\workspace\.github\labview\build-binaries.ps1:252 char:12
+     $out = & $CliExe @cliArgs 2>&1 | Out-String
+            ~~~~~~~~~~~~~~~~~~~~~~~
    + CategoryInfo          : NotSpecified: (Operation output: :String) [], Re 
   moteException
    + FullyQualifiedErrorId : NativeCommandError
 
Error Code : 1
Error Message : Cannot complete build because following VI loaded broken:

C:\workspace\PDK plugins\Tone Measurements\source\Tone 
Measurements.lvclass\Tone Measurements.ctl

Open the VI in LabVIEW and fix the listed errors. If the VI loads as expected 
but errors are still detected during the build, contact National Instruments 
technical support for assistance.

Broken VIs:
- Tone Measurements.lvlib:Tone Measurements.lvclass:Check for Tone.vi:
	Type definition not found or contains errors

	SubVI is missing

	SubVI is missing

	SubVI is missing

	SubVI is missing

	SubVI is missing

	SubVI is missing

	Cannot save compiled code to previous versions

- Tone Measurements.lvlib:Tone Measurements.lvclass:Cleanup Session.vi:
	Refers to a missing LabVIEW class

	Refers to a missing LabVIEW class

	Contains unwired or bad terminal

	SubVI is missing

	You have connected two terminals of different types.

	Neither bundle nor unbundle of this LabVIEW class is allowed on this VI.

	Cannot save compiled code to previous versions

- Tone Measurements.lvlib:Tone Measurements.lvclass:Configure Session.vi:
	Refers to a missing LabVIEW class

	Refers to a missing LabVIEW class

	SubVI is missing

	SubVI is missing

	SubVI is missing

	SubVI is missing

	SubVI is missing

	SubVI is missing

	SubVI is missing

	SubVI is missing

	SubVI is missing

	Cluster is invalid or empty

	Contains unwired or bad terminal

	Run-time type not propagated from dynamic input to dynamic output

	Neither bundle nor unbundle of this LabVIEW class is allowed on this VI.

	You have connected two terminals of different types.

	Cannot save compiled code to previous versions

- Tone Measurements.lvlib:Tone Measurements.lvclass:Finalize.vi:
	Refers to a missing LabVIEW class

	Refers to a missing LabVIEW class

	Cannot save compiled code to previous versions

- Tone Measurements.lvlib:Tone Measurements.lvclass:Initialize.vi:
	Refers to a missing LabVIEW class

	Refers to a missing LabVIEW class

	Type definition not found or contains errors

	Type definition not found or contains errors

	Type definition not found or contains errors

	SubVI is missing

	SubVI is missing

	SubVI is missing

	SubVI is missing

	SubVI is missing

	SubVI is missing

	SubVI is missing

	SubVI is missing

	SubVI is missing

	SubVI is missing

	SubVI is missing

	SubVI is missing

	SubVI is missing

	Run-time type not propagated from dynamic input to dynamic output

	SubVI is missing

	SubVI is missing

	Class conflict

	Class conflict

	Cannot save compiled code to previous versions

- Tone Measurements.lvlib:Tone Measurements.lvclass:Process.vi:
	Refers to a missing LabVIEW class

	Refers to a missing LabVIEW class

	SubVI is missing

	Contains unwired or bad terminal

	Contains unwired or bad terminal

	Invalid property

	Invalid property

	SubVI is not executable

	SubVI is not executable

	Type definition not found or contains errors

	SubVI is not executable

	SubVI is missing

	SubVI is missing

	You have connected two terminals of different types.

	You have connected two terminals of different types.

	Contains unwired or bad terminal

	SubVI is missing

	SubVI is missing

	SubVI is missing

	You have connected two terminals of different types.

	You have connected two terminals of different types.

	Neither bundle nor unbundle of this LabVIEW class is allowed on this VI.

	You have connected two terminals of different types.

	You have connected two terminals of different types.

	You have connected two terminals of different types.

	One or more of the inputs to this tunnel or shift register does not originate 
at the dynamic input front panel terminal

	Cannot save compiled code to previous versions

- Tone Measurements.lvlib:Tone Measurements.lvclass:Single Tone 
Measurements.vi:
	Type definition not found or contains errors

	SubVI is missing

	SubVI is missing

	SubVI is missing

	SubVI is missing

	SubVI is missing

	SubVI is missing

	SubVI is missing

	SubVI is missing

	SubVI is missing

	SubVI is missing

	SubVI is missing

	SubVI is missing

	SubVI is missing

	SubVI is missing

	Cannot save compiled code to previous versions

- Tone Measurements.lvlib:Tone Measurements.lvclass:Tone Measurements.ctl:










Click the link below to visit the Application Builder support page. Use the 
following information as a reference:



Error 1003 occurred at AB_Get_Detailed_BrokenVI_Message.vi -> 
AB_Targetfile.lvclass:Open_Top_Level_VIs.vi


Possible reason(s):


LabVIEW: (Hex 0x3EB) The VI is not executable. This error may occur because 
the VI is either broken or contains a subVI that LabVIEW cannot locate. Select 
File>>Open to open the VI and verify that you can run it.
An error occurred while running the ExecuteBuildSpec operation.

ExecuteBuildSpec operation failed.


=== ExecuteBuildSpec 'Waterfall Packed Library' [Packed Library] target 'My Computer' in PDK plugins\Waterfall\source\Waterfall.lvproj ===
LabVIEWCLI started logging in file:  C:\Users\ContainerAdministrator\AppData\Local\Temp\lvtemporary_333858.log
Using LabVIEW: "C:\Program Files\National Instruments\LabVIEW 2026\LabVIEW.exe"
Connection established with LabVIEW at port number 3363.

LabVIEWCLI.exe : Operation output: 
At C:\workspace\.github\labview\build-binaries.ps1:252 char:12
+     $out = & $CliExe @cliArgs 2>&1 | Out-String
+            ~~~~~~~~~~~~~~~~~~~~~~~
    + CategoryInfo          : NotSpecified: (Operation output: :String) [], Re 
   moteException
    + FullyQualifiedErrorId : NativeCommandError
 
Error Code : 1
Error Message : Cannot complete build because following VI loaded broken:

C:\workspace\PDK plugins\Waterfall\source\Initialize.vi

Open the VI in LabVIEW and fix the listed errors. If the VI loads as expected 
but errors are still detected during the build, contact National Instruments 
technical support for assistance.

Broken VIs:
- Waterfall.lvlib:Waterfall.lvclass:Cleanup Session.vi:
	Refers to a missing LabVIEW class

	Refers to a missing LabVIEW class

	Cluster is invalid or empty

	Contains unwired or bad terminal

	Contains unwired or bad terminal

	You have connected two terminals of different types.

	You have connected two terminals of different types.

	You have connected two terminals of different types.

	Contains unwired or bad terminal

	Neither bundle nor unbundle of this LabVIEW class is allowed on this VI.

	Wired refnums are of different types.

	Cannot save compiled code to previous versions

- Waterfall.lvlib:Waterfall.lvclass:Configure Session.vi:
	Refers to a missing LabVIEW class

	Refers to a missing LabVIEW class

	SubVI is not executable

	SubVI is not executable

	SubVI is missing

	SubVI is missing

	Shift register: Feedback Node: data type is undefined

	SubVI is missing

	SubVI is missing

	Shift register: Feedback Node: data type is undefined

	SubVI is not executable

	SubVI is missing

	SubVI is missing

	SubVI is not executable

	SubVI is not executable

	SubVI is not executable

	Cluster is invalid or empty

	Contains unwired or bad terminal

	Run-time type not propagated from dynamic input to dynamic output

	Neither bundle nor unbundle of this LabVIEW class is allowed on this VI.

	You have connected two terminals of different types.

	Cannot save compiled code to previous versions

- Waterfall.lvlib:Waterfall.lvclass:Finalize.vi:
	Refers to a missing LabVIEW class

	Refers to a missing LabVIEW class

	Cannot save compiled code to previous versions

- Waterfall.lvlib:Waterfall.lvclass:Handle Notification.vi:
	Refers to a missing LabVIEW class

	Refers to a missing LabVIEW class

	Cluster is invalid or empty

	Contains unwired or bad terminal

	Contains unwired or bad terminal

	Cluster is invalid or empty

	Contains unwired or bad terminal

	Contains unwired or bad terminal

	You have connected two terminals of different types.

	You have connected two terminals of different types.

	You have connected two terminals of different types.

	Run-time type not propagated from dynamic input to dynamic output

	You have connected two terminals of different types.

	Neither bundle nor unbundle of this LabVIEW class is allowed on this VI.

	Wired refnums are of different types.

- Waterfall.lvlib:Waterfall.lvclass:Initialize.vi:
	Refers to a missing LabVIEW class

	Refers to a missing LabVIEW class

	SubVI is not executable

	SubVI is not executable

	SubVI is missing

	SubVI is missing

	Shift register: Feedback Node: data type is undefined

	Type definition not found or contains errors

	SubVI is missing

	Type definition not found or contains errors

	Type definition not found or contains errors

	Type definition not found or contains errors

	SubVI is missing

	SubVI is not executable

	SubVI is not executable

	SubVI is not executable

	SubVI is not executable

	SubVI is missing

	SubVI is missing

	Shift register: Feedback Node: data type is undefined

	SubVI is not executable

	SubVI is not executable

	SubVI is not executable

	SubVI is missing

	SubVI is missing

	SubVI is not executable

	SubVI is missing

	SubVI is missing

	SubVI is not executable

	SubVI is missing

	SubVI is missing

	SubVI is missing

	Run-time type not propagated from dynamic input to dynamic output

	Class conflict

	Cannot save compiled code to previous versions

- Waterfall.lvlib:Waterfall.lvclass:Process.vi:
	Refers to a missing LabVIEW class

	Refers to a missing LabVIEW class

	SubVI is missing

	You have connected two terminals of different types.

	Cluster is invalid or empty

	Contains unwired or bad terminal

	SubVI is not executable

	SubVI is not executable

	SubVI is not executable

	You have connected two terminals of different types.

	You have connected two terminals of different types.

	Contains unwired or bad terminal

	Neither bundle nor unbundle of this LabVIEW class is allowed on this VI.

	Wired refnums are of different types.

	You have connected two terminals of different types.

	One or more of the inputs to this tunnel or shift register does not originate 
at the dynamic input front panel terminal

	Cannot save compiled code to previous versions











Click the link below to visit the Application Builder support page. Use the 
following information as a reference:



Error 1003 occurred at AB_Get_Detailed_BrokenVI_Message.vi -> 
AB_Targetfile.lvclass:Open_Top_Level_VIs.vi


Possible reason(s):


LabVIEW: (Hex 0x3EB) The VI is not executable. This error may occur because 
the VI is either broken or contains a subVI that LabVIEW cannot locate. Select 
File>>Open to open the VI and verify that you can run it.
An error occurred while running the ExecuteBuildSpec operation.

ExecuteBuildSpec operation failed.


